symbol,timestamp,signal,entry_ltp,exit_ltp,pnl,target,SMMA20,SMMA120,SMMA_gap,price_change_pct,volume
NSE_AXISBANK-EQ,1767340800,SELL,1267.7,1266.6,1.1000000000001364,1,1273.997591740034,1274.2130162558692,-0.21542451583513866,-0.10244286840031162,42209
NSE_KOTAKBANK-EQ,1767346800,SELL,439.96,440.96,-1.0,0,442.04880687425174,442.0696602462049,-0.020853371953137412,0.2460809332847211,390380
NSE_INFY-EQ,1767585900,SELL,1590.9,1597.0,-6.099999999999909,0,1631.7976679835676,1633.5194238731567,-1.721755889589076,-0.35700864336714383,131429
NSE_AXISBANK-EQ,1767586800,BUY,1284.8,1286.2,1.400000000000091,1,1273.6421665803955,1273.5473319952646,0.09483458513091136,0.14029618082618509,87223
NSE_TCS-EQ,1767587400,SELL,3195.3,3224.0,-28.699999999999818,0,3229.302221926972,3229.6457856420166,-0.34356371504463823,0.08770555990603546,32965
NSE_HDFCBANK-EQ,1767587700,SELL,988.55,988.05,0.5,1,995.0447312086487,995.2079199141139,-0.16318870546513153,0.20272667376210027,374188
NSE_RELIANCE-EQ,1767603600,SELL,1579.9,1529.1,50.80000000000018,1,1587.0462355093518,1587.0873291242779,-0.04109361492601238,0.018992149911381484,76265
NSE_TCS-EQ,1767674100,BUY,3239.8,3237.1,-2.700000000000273,0,3228.107388840145,3227.6437730346715,0.463615805473637,-0.06477682840309414,28155
NSE_LT-EQ,1767690000,SELL,4140.4,4124.9,15.5,1,4153.632685911869,4154.036189251874,-0.4035033400050452,-0.1326611833377554,13298
NSE_INFY-EQ,1767759600,BUY,1626.7,1632.8,6.099999999999909,1,1617.0191310785563,1616.9292728604726,0.0898582180836911,0.06766732283465406,34340
NSE_SBIN-EQ,1767843900,SELL,1006.4,1009.7,-3.300000000000068,0,1008.143699430833,1008.1838073471771,-0.040107916344140904,-0.049657364187108956,379144
NSE_LT-EQ,1767844200,BUY,4161.0,4161.6,0.6000000000003638,1,4146.040569073957,4146.0293612476435,0.011207826313693658,0.10103926096997254,10004
NSE_SBIN-EQ,1767847200,BUY,1011.1,1004.65,-6.4500000000000455,0,1008.2914461319267,1008.1927812649307,0.09866486699604593,0.20812685827552257,83655
NSE_TCS-EQ,1767848100,SELL,3197.3,3204.3,-7.0,0,3253.30525007083,3253.91371907588,-0.6084690050502104,-0.3242198459955618,99818
NSE_SBIN-EQ,1767850200,SELL,1004.85,997.55,7.300000000000068,1,1008.1276942301771,1008.184553160672,-0.056858930494854576,-0.1043841336116865,133016
NSE_LT-EQ,1767854100,SELL,4122.1,4111.5,10.600000000000364,1,4146.729534874084,4147.340643050454,-0.6111081763701804,-0.11631006324357927,12418
NSE_INFY-EQ,1767855900,SELL,1617.5,1611.8,5.7000000000000455,1,1624.1663089315748,1624.236884684997,-0.07057575342219025,0.12380068090374496,11532
NSE_AXISBANK-EQ,1767859800,SELL,1286.8,1288.3,-1.5,0,1288.6909665530206,1288.7280485355154,-0.037081982494783006,-0.05436893203883848,8707
NSE_AXISBANK-EQ,1767862200,BUY,1290.0,1286.5,-3.5,0,1288.7530778530133,1288.7307865441612,0.022291308852118163,-0.0774593338497289,33222
NSE_AXISBANK-EQ,1767862500,SELL,1287.9,1286.0,1.900000000000091,1,1288.7104239603627,1288.72386332296,-0.01343936259718248,-0.16279069767441157,65899
NSE_AXISBANK-EQ,1767862800,BUY,1289.7,1294.0,4.2999999999999545,1,1288.7599027623446,1288.7319977952686,0.027904967075983222,0.13976240391334377,77065
NSE_AXISBANK-EQ,1767864600,SELL,1287.2,1282.2,5.0,1,1288.6579454567004,1288.71690750642,-0.05896204971963925,-0.05435204596630525,110683
NSE_ICICIBANK-EQ,1767938100,SELL,1403.2,1407.0,-3.7999999999999545,0,1415.3336083547065,1415.6588857670006,-0.3252774122940991,0.0,50841
NSE_ICICIBANK-EQ,1768203000,BUY,1421.7,1416.8,-4.900000000000091,0,1411.0936933771961,1410.6769279617836,0.41676541541255574,-0.1545052321089996,93172
NSE_SBIN-EQ,1768203600,BUY,1009.95,1012.25,2.2999999999999545,1,1002.9262073826585,1002.8011462517702,0.12506113088829807,0.12888514350865693,65079
NSE_TCS-EQ,1768211400,BUY,3242.5,3238.9,-3.599999999999909,0,3216.1501295536377,3216.1136668014756,0.036462752162151446,0.37145952638910384,86783
NSE_KOTAKBANK-EQ,1768279500,BUY,426.68,426.74,0.060000000000002274,1,426.138077948116,426.1178249420391,0.020253006076927704,-0.04216839244717397,389680
NSE_KOTAKBANK-EQ,1768289400,SELL,424.58,425.0,-0.4200000000000159,0,426.13784329004665,426.1841709767316,-0.04632768668494691,0.028271215191067366,200900
NSE_AXISBANK-EQ,1768367100,BUY,1287.1,1304.7,17.600000000000136,1,1273.1109532066082,1272.9547067666049,0.156246440003315,-0.038831935383659526,83573
NSE_TCS-EQ,1768368600,SELL,3209.7,3214.3,-4.600000000000364,0,3230.93703826966,3231.7041879643825,-0.7671496947223204,0.040518638573735416,65724
NSE_ICICIBANK-EQ,1768383600,SELL,1417.6,1414.4,3.199999999999818,1,1422.5348950223947,1422.6435981534858,-0.10870313109103336,-0.056401579244231656,594251
NSE_INFY-EQ,1768535400,BUY,1671.6,1679.5,7.900000000000091,1,1602.93482320567,1600.9775837469956,1.957239458674394,0.5292278085157538,951704
NSE_RELIANCE-EQ,1768540800,BUY,1476.8,1470.1,-6.7000000000000455,0,1466.0584254040627,1465.9805527558253,0.0778726482374168,-0.1487491548343506,159507
NSE_RELIANCE-EQ,1768549200,SELL,1458.7,1457.9,0.7999999999999545,1,1466.063341415933,1466.369713645856,-0.3063722299229994,0.05487344811029251,238950
NSE_KOTAKBANK-EQ,1768804500,BUY,427.0,428.4,1.3999999999999773,1,423.5568610078091,423.44714291356615,0.10971809424296453,0.046860356138703985,75263
NSE_HDFCBANK-EQ,1768893900,BUY,932.8,932.9,0.10000000000002274,1,930.1396342934355,930.078962867527,0.06067142590848107,0.04290004290004046,149148
NSE_KOTAKBANK-EQ,1768967700,SELL,422.4,423.3,-0.9000000000000341,0,426.10364639967776,426.10545205427377,-0.0018056545960121184,-0.2597402597402651,176489
NSE_INFY-EQ,1768968000,SELL,1641.5,1644.8,-3.2999999999999545,0,1660.935165952786,1661.4293768461275,-0.4942108933414602,-0.11561397103566332,136170
NSE_AXISBANK-EQ,1768968300,SELL,1294.6,1284.7,9.899999999999864,1,1297.7564959903998,1297.759853298163,-0.0033573077632809145,-0.2235067437379646,53524
NSE_HDFCBANK-EQ,1768969500,SELL,926.3,919.5,6.7999999999999545,1,930.2386891184948,930.3603113884382,-0.12162226994337288,-0.15629210455403347,137094
NSE_SBIN-EQ,1768972500,SELL,1029.3,1026.25,3.0499999999999545,1,1036.674624231564,1036.7437203633065,-0.06909613174252627,-0.21328162869607808,103193
NSE_SBIN-EQ,1769055000,BUY,1050.4,1047.35,-3.050000000000182,0,1034.5677492657908,1034.4073365442664,0.16041272152438069,-0.009519276534974684,345990
NSE_INFY-EQ,1769055600,BUY,1665.8,1663.0,-2.7999999999999545,0,1656.584560714168,1656.48311926766,0.10144144650803355,-0.10194902548725909,30237
NSE_KOTAKBANK-EQ,1769056800,BUY,427.6,421.1,-6.5,0,424.3581639262973,424.27727689294625,0.08088703335107539,0.0467945718296784,131083
NSE_KOTAKBANK-EQ,1769059500,SELL,421.8,422.6,-0.8000000000000114,0,424.26134549714925,424.2751667356616,-0.013821238512377931,-0.14204545454544648,76206
NSE_TCS-EQ,1769063100,BUY,3149.3,3134.2,-15.100000000000364,0,3141.5936938068126,3141.3008234454387,0.2928703613738435,0.003175409627853544,12339
NSE_TCS-EQ,1769067900,SELL,3124.1,3131.8,-7.700000000000273,0,3141.3065048716626,3141.5457495603946,-0.23924468873201477,-0.07356704196520542,13561
NSE_AXISBANK-EQ,1769073300,BUY,1297.3,1288.6,-8.700000000000045,0,1290.2523013406924,1290.229867921981,0.022433418711443665,0.16987105242838743,112580
NSE_KOTAKBANK-EQ,1769073900,BUY,425.4,426.0,0.6000000000000227,1,424.07826717317977,424.03172912217246,0.04653805100730324,0.04703668861711868,115520
NSE_TCS-EQ,1769074800,BUY,3151.8,3178.6,26.799999999999727,1,3141.1382595811174,3141.0769103226517,0.06134925846572514,0.04443880142204453,36604
NSE_AXISBANK-EQ,1769142300,SELL,1286.0,1288.2,-2.2000000000000455,0,1290.3164958929283,1290.335832160865,-0.019336267936751028,0.10898334111786478,59650
NSE_KOTAKBANK-EQ,1769154900,SELL,422.5,421.3,1.1999999999999886,1,424.37969526110135,424.4605927511432,-0.08089749004187752,-0.2832192589096032,61672
NSE_SBIN-EQ,1769158200,SELL,1030.1,1027.45,2.6499999999998636,1,1041.1210474815493,1041.2761727665925,-0.15512528504314105,-0.17443550731661805,124388
NSE_AXISBANK-EQ,1769488200,BUY,1317.8,1324.8,7.0,1,1285.5105325406141,1285.1736014329094,0.33693110770468593,0.06074411541381583,286775
NSE_TCS-EQ,1769490900,SELL,3137.4,3150.5,-13.099999999999909,0,3156.17090933881,3156.763907519967,-0.5929981811568723,0.03826286588866376,27875
NSE_SBIN-EQ,1769500500,BUY,1046.3,1044.0,-2.2999999999999545,0,1040.1622092637742,1039.9544733657426,0.20773589803161485,0.27793751198005207,154359
NSE_ICICIBANK-EQ,1769503200,BUY,1356.6,1360.3,3.7000000000000455,1,1350.5194154560154,1350.2731923204046,0.24622313561076226,0.10330578512395686,440592
NSE_HDFCBANK-EQ,1769506500,BUY,925.35,932.95,7.600000000000023,1,918.7546568245695,918.6303190338865,0.1243377906829437,0.2003248511099104,1852239
NSE_LT-EQ,1769507400,BUY,3789.0,3815.0,26.0,1,3771.6418789038216,3771.2279478621585,0.4139310416630906,0.005278716216211415,88641
NSE_TCS-EQ,1769572200,BUY,3187.4,3189.5,2.099999999999909,1,3153.306077271115,3153.1450507920476,0.16102647906745915,-0.4746143758196409,63589
NSE_RELIANCE-EQ,1769578500,BUY,1400.9,1399.3,-1.6000000000001364,0,1393.6815591761115,1393.4468465428554,0.2347126332560947,-0.07133176403452457,123199
NSE_INFY-EQ,1769578800,SELL,1660.3,1659.0,1.2999999999999545,1,1669.5693581579048,1669.8611938516747,-0.2918356937698263,0.048207291352814374,86916
NSE_RELIANCE-EQ,1769591100,SELL,1391.7,1397.9,-6.2000000000000455,0,1394.0766500576751,1394.1222010050546,-0.04555094737952459,0.028750089844037298,87202
NSE_RELIANCE-EQ,1769593200,BUY,1396.1,1390.0,-6.099999999999909,0,1394.188542965741,1394.1336962559549,0.0548467097860339,0.02149305058030911,369256
NSE_RELIANCE-EQ,1769661000,SELL,1389.7,1394.0,-4.2999999999999545,0,1394.1954422221474,1394.199708703493,-0.004266481345439388,-0.02158273381294637,152127
NSE_TCS-EQ,1769662500,SELL,3133.4,3134.0,-0.599999999999909,0,3165.974876779641,3167.1502116405404,-1.1753348608995111,-0.1465901848310997,18331
NSE_RELIANCE-EQ,1769672100,BUY,1396.6,1397.7,1.1000000000001364,1,1394.0139531802577,1393.9702677009968,0.04368547926083011,-0.07870072261573559,178227
NSE_RELIANCE-EQ,1769673300,SELL,1392.6,1398.3,-5.7000000000000455,0,1393.9381349525272,1393.9594838382545,-0.02134888572732052,-0.057413520884181266,104873
NSE_RELIANCE-EQ,1769673600,BUY,1394.7,1399.7,5.0,1,1393.976228204901,1393.9656548062692,0.010573398631777309,0.15079707022835964,92054
NSE_RELIANCE-EQ,1769745000,SELL,1383.3,1387.4,-4.100000000000136,0,1394.0398432866052,1394.2118325586916,-0.1719892720864209,-0.08667388949079419,171108
NSE_ICICIBANK-EQ,1769757300,SELL,1360.4,1359.6,0.8000000000001819,1,1365.6317285293921,1365.693342626911,-0.06161409751894098,-0.05142899125705813,41180
NSE_RELIANCE-EQ,1769766900,BUY,1397.0,1404.8,7.7999999999999545,1,1392.4785561705405,1392.4039882993536,0.07456787118690045,-0.021469977814353006,611209
NSE_KOTAKBANK-EQ,1769925000,BUY,413.65,410.15,-3.5,0,410.57174795649644,410.5671878367726,0.004560119723862499,0.024180872929504507,27455
NSE_SBIN-EQ,1769928600,SELL,1033.8,1039.0,-5.2000000000000455,0,1066.3852721426015,1067.1216473852267,-0.7363752426251722,-0.5004812319538061,781611
NSE_KOTAKBANK-EQ,1769930400,SELL,405.95,404.2,1.75,1,410.44906364261215,410.61663516484583,-0.1675715222336862,-0.18441111384312764,365608
NSE_RELIANCE-EQ,1769930400,SELL,1379.1,1366.8,12.299999999999955,1,1393.9827047152257,1394.2511874625195,-0.2684827472937741,0.41502839667975955,74322
NSE_TCS-EQ,1769931600,BUY,3187.0,3200.0,13.0,1,3139.2681340858608,3137.424693850966,1.8434402348948424,-0.5864370827874533,226675
NSE_HDFCBANK-EQ,1769932800,SELL,928.35,925.25,3.1000000000000227,1,931.9190416217722,931.9335466737027,-0.014505051930541413,-0.08072328059412334,62158
NSE_INFY-EQ,1769933700,BUY,1659.8,1656.6,-3.2000000000000455,0,1640.1070984688517,1639.8814633325485,0.2256351363032536,-0.34223956769739095,51474
NSE_LT-EQ,1769937000,SELL,3872.5,3906.2,-33.69999999999982,0,3900.3152383441766,3900.6268385051167,-0.31160016094008824,-0.17271602392245355,13551
NSE_AXISBANK-EQ,1769938200,SELL,1340.6,1341.3,-0.7000000000000455,0,1351.8292507359633,1352.2772394155188,-0.44798867955546484,-0.24555398467149206,78189
NSE_INFY-EQ,1770007500,SELL,1629.8,1633.7,-3.900000000000091,0,1641.2997363786485,1641.345978644055,-0.04624226540659038,0.10441619065168267,62205
NSE_LT-EQ,1770017700,BUY,3918.6,3912.8,-5.799999999999727,0,3895.8579865211277,3895.2859570492856,0.5720294718421428,0.0945107154716549,15448
NSE_RELIANCE-EQ,1770090300,BUY,1447.1,1446.5,-0.599999999999909,0,1384.838950328213,1382.4825575285238,2.3563927996892744,4.257925072046103,5206907
NSE_HDFCBANK-EQ,1770090900,BUY,953.25,951.45,-1.7999999999999545,0,928.9923469975186,928.462069146544,0.5302778509745849,-0.17801979161213105,1184383
NSE_ICICIBANK-EQ,1770090900,BUY,1392.3,1392.8,0.5,1,1354.3077890717323,1352.8565196987925,1.4512693729398052,-0.12195121951219838,606316
NSE_KOTAKBANK-EQ,1770091200,BUY,419.6,422.9,3.2999999999999545,1,409.51922765442606,409.11910643414575,0.4001212202803117,0.32277346084878006,627481
NSE_INFY-EQ,1770091500,BUY,1672.5,1670.1,-2.400000000000091,0,1638.5534775017713,1637.4736172100013,1.0798602917700464,-0.005978715771846769,170750
NSE_SBIN-EQ,1770095400,BUY,1059.2,1059.8,0.599999999999909,1,1039.5975568820973,1039.2968039027367,0.3007529793605954,0.06613131790269679,242125
NSE_AXISBANK-EQ,1770095700,BUY,1353.8,1360.2,6.400000000000091,1,1339.9117910496848,1339.584026433164,0.32776461652088074,0.17759360663015122,25780
NSE_INFY-EQ,1770177300,SELL,1556.1,1538.9,17.199999999999818,1,1646.795647682168,1647.8383070143743,-1.0426593322063127,-0.3458213256484208,885509
NSE_TCS-EQ,1770178200,SELL,3062.2,3042.2,20.0,1,3178.2279856440427,3180.9005695251885,-2.6725838811457834,0.15699614051153682,92181
NSE_AXISBANK-EQ,1770189600,SELL,1337.8,1345.3,-7.5,0,1346.795533190018,1346.9281120443889,-0.1325788543708768,0.014952153110051249,47243
NSE_KOTAKBANK-EQ,1770190200,SELL,410.95,412.75,-1.8000000000000114,0,413.4080086062824,413.4227339326499,-0.014725326367511116,-0.012165450121657267,77805
NSE_HDFCBANK-EQ,1770354000,SELL,943.35,942.1,1.25,1,947.0276700316542,947.1173074860861,-0.08963745443190874,0.03181167488468991,129567
NSE_KOTAKBANK-EQ,1770356100,BUY,415.15,423.0,7.850000000000023,1,410.8672626775607,410.85613424788255,0.011128429678137763,0.4719264278799586,138961
NSE_SBIN-EQ,1770357000,SELL,1057.4,1053.5,3.900000000000091,1,1064.5879038566516,1064.7579913608656,-0.1700875042140524,0.08518693800284818,73988
NSE_AXISBANK-EQ,1770360000,BUY,1341.3,1337.9,-3.3999999999998636,0,1336.1592719994196,1335.9915080870971,0.1677639123224708,0.059679224170082396,37143
NSE_SBIN-EQ,1770608700,BUY,1131.7,1130.3,-1.400000000000091,0,1064.5370122089255,1063.3387426525956,1.198269556329933,6.163227016885558,5854947
NSE_ICICIBANK-EQ,1770620100,SELL,1393.7,1390.3,3.400000000000091,1,1398.3760196139417,1398.5027097250857,-0.1266901111439438,-0.07170000717000072,65472
NSE_ICICIBANK-EQ,1770701400,BUY,1399.0,1398.0,-1.0,0,1397.4675273167238,1397.44751285781,0.020014458913919952,0.021448487881601096,109971
NSE_TCS-EQ,1770702600,BUY,2988.7,2992.8,4.100000000000364,1,2976.4969400609525,2976.3330917849303,0.16384827602223595,-0.12698412698413306,27499
NSE_TCS-EQ,1770784200,SELL,2957.1,2970.0,-12.900000000000091,0,2979.2777448710635,2979.8629706328124,-0.5852257617489158,-0.14857335809556274,36251
NSE_AXISBANK-EQ,1770872700,SELL,1340.9,1341.2,-0.2999999999999545,0,1347.727725164767,1347.928413049078,-0.20068788431103712,-0.11174016686531585,49225
NSE_RELIANCE-EQ,1770880800,SELL,1454.9,1454.1,0.8000000000001819,1,1459.5142957899511,1459.6596625993816,-0.1453668094304703,-0.006872852233670725,37593
NSE_KOTAKBANK-EQ,1770889200,SELL,425.9,424.65,1.25,1,427.54653043180195,427.6020823807303,-0.0555519489283256,-0.05866478939340608,530652
NSE_ICICIBANK-EQ,1771213500,SELL,1408.8,1411.4,-2.6000000000001364,0,1414.930289071605,1414.957782905885,-0.02749383427999419,-0.4733309784528467,279432
NSE_AXISBANK-EQ,1771218900,BUY,1349.9,1349.3,-0.6000000000001364,0,1338.7996968556251,1338.6273893343596,0.1723075212655658,0.14837895986349134,79439
NSE_HDFCBANK-EQ,1771225500,BUY,927.4,926.3,-1.1000000000000227,0,922.0621170968967,921.9978401317331,0.06427696516357173,-0.026949819436209776,174704
NSE_INFY-EQ,1771304700,BUY,1403.9,1424.2,20.299999999999955,1,1382.384789203779,1381.5657083709573,0.8190808328217827,-0.22032693674484072,250391
NSE_TCS-EQ,1771313400,BUY,2750.5,2733.5,-17.0,0,2740.3270649082224,2740.169037738199,0.15802717002316058,0.014544925639070977,29849
NSE_TCS-EQ,1771317300,SELL,2730.7,2720.1,10.599999999999909,1,2739.9690065673794,2740.233779777738,-0.2647732103587259,-0.10243277848912316,27954
NSE_KOTAKBANK-EQ,1771318500,BUY,423.9,424.3,0.4000000000000341,1,423.502699033883,423.4935884608085,0.009110573074508466,-0.05894141223623719,41789
NSE_INFY-EQ,1771388100,SELL,1360.0,1361.5,-1.5,0,1389.9676885527567,1390.245057419762,-0.2773688670051797,0.08094782544704607,518828
NSE_KOTAKBANK-EQ,1771391400,SELL,422.7,422.7,0.0,0,423.541724196247,423.5495815906851,-0.007857394438076426,-0.011827321111770874,43659
NSE_HDFCBANK-EQ,1771392000,SELL,921.65,922.6,-0.9500000000000455,0,923.7935358037848,923.8786280165025,-0.08509221271765455,-0.01627251030592073,102958
NSE_RELIANCE-EQ,1771400700,BUY,1435.5,1436.2,0.7000000000000455,1,1428.136243242601,1428.1306643597243,0.0055788828767617815,0.07668711656441084,154181
NSE_KOTAKBANK-EQ,1771405200,BUY,426.45,424.6,-1.849999999999966,0,423.5514246926624,423.43815774894335,0.11326694371905432,0.16441573693481823,104903
NSE_INFY-EQ,1771476600,BUY,1392.1,1389.1,-3.0,0,1381.9799370541125,1381.727578767334,0.2523582867784171,-0.12196871861099481,144409
NSE_RELIANCE-EQ,1771482300,SELL,1424.8,1419.0,5.7999999999999545,1,1429.6402873128923,1429.8094932209483,-0.16920590805602842,-0.042093447453356,32457
NSE_KOTAKBANK-EQ,1771484700,SELL,421.5,418.5,3.0,1,423.80213792622726,423.8065449351557,-0.004407008928467349,-0.09480919649205435,50036
NSE_AXISBANK-EQ,1771492800,SELL,1355.4,1360.1,-4.699999999999818,0,1361.5115983888095,1361.644723306975,-0.1331249181655494,0.0,27005
NSE_INFY-EQ,1771493700,SELL,1373.9,1351.6,22.300000000000182,1,1382.8964727578536,1383.1852461864696,-0.28877342861596844,-0.18888485288775222,751012
NSE_SBIN-EQ,1771494300,SELL,1203.8,1208.7,-4.900000000000091,0,1210.490260688886,1210.7052193988493,-0.21495870996318445,-0.24859131587669872,301832
NSE_AXISBANK-EQ,1771563600,BUY,1367.4,1371.6,4.199999999999818,1,1361.5228138325915,1361.4532323976773,0.06958143491419833,-0.029244041526528996,26946
NSE_SBIN-EQ,1771577400,BUY,1211.6,1217.5,5.900000000000091,1,1209.9734431253805,1209.908344678426,0.06509844695460743,-0.03300330033004051,37190
NSE_KOTAKBANK-EQ,1771818900,BUY,426.2,427.05,0.8500000000000227,1,422.0813179663602,421.93520394932347,0.146114017036723,0.1998354296461657,118593
NSE_RELIANCE-EQ,1771819200,BUY,1433.2,1425.9,-7.2999999999999545,0,1423.6813659201007,1423.6685447426037,0.012821177497016834,-0.0279017857142762,87994
NSE_ICICIBANK-EQ,1771820700,BUY,1407.6,1401.4,-6.199999999999818,0,1399.578070551233,1399.3542260769473,0.22384447428567,0.07820831852114533,98619
NSE_HDFCBANK-EQ,1771822500,BUY,922.7,921.65,-1.0500000000000682,0,918.6506180313365,918.6391939585558,0.011424072780755523,-0.0649842954619202,83324
NSE_RELIANCE-EQ,1771829700,SELL,1420.8,1424.7,-3.900000000000091,0,1423.9030820574142,1424.0082247168893,-0.10514265947517742,-0.021110407430860217,28894
NSE_ICICIBANK-EQ,1771833900,SELL,1396.8,1400.2,-3.400000000000091,0,1399.8709876851856,1399.8989597694374,-0.027972084251814522,-0.08583690987124788,339793
NSE_RELIANCE-EQ,1771839600,BUY,1428.8,1420.1,-8.700000000000045,0,1424.1333972526554,1423.9364044242639,0.19699282839155785,0.04201092283993201,211687
NSE_RELIANCE-EQ,1771906800,SELL,1420.7,1416.0,4.7000000000000455,1,1423.79287525495,1423.9190469247035,-0.12617166975337568,-0.09844596019969508,36450
NSE_LT-EQ,1771917300,SELL,4272.1,4236.3,35.80000000000018,1,4357.106252531685,4357.624163380867,-0.5179108491820443,-0.4242127590145169,57584
NSE_HDFCBANK-EQ,1771917300,SELL,915.95,913.1,2.8500000000000227,1,919.7807123495613,919.889572402638,-0.10886005307668256,-0.13628434365460096,217794
NSE_RELIANCE-EQ,1771923900,BUY,1427.3,1434.4,7.100000000000136,1,1423.1125945294818,1423.016774561272,0.09581996820975291,0.028032798374088133,100108
NSE_SBIN-EQ,1771996500,SELL,1212.5,1210.3,2.2000000000000455,1,1220.5827919580133,1220.762088448704,-0.1792964906906036,-0.1975471232200256,195447
NSE_KOTAKBANK-EQ,1771998000,SELL,424.35,424.25,0.10000000000002274,1,427.0848454691015,427.15659457844947,-0.07174910934799072,-0.21164021164020627,74505
NSE_ICICIBANK-EQ,1772001000,BUY,1399.9,1399.8,-0.10000000000013642,0,1395.5958239545043,1395.5889481725294,0.0068757819749407645,0.035729598399313986,93842
NSE_RELIANCE-EQ,1772005200,SELL,1412.4,1410.9,1.5,1,1424.7514158435567,1424.9228125673558,-0.1713967237990346,-0.007079646017692676,39923
NSE_TCS-EQ,1772079900,BUY,2658.2,2647.2,-11.0,0,2636.9001202800364,2636.7461987906354,0.15392148940100014,0.0451637184794813,18831
NSE_AXISBANK-EQ,1772167200,SELL,1387.6,1389.9,-2.300000000000182,0,1391.688802619717,1391.8565556691492,-0.16775304943212177,0.0,13913
NSE_ICICIBANK-EQ,1772168100,SELL,1392.6,1389.4,3.199999999999818,1,1399.3387379220899,1399.3399279099015,-0.0011899878115855245,0.0,46977
NSE_INFY-EQ,1772172600,BUY,1306.9,1304.4,-2.5,0,1303.0121010881605,1303.0110294847975,0.0010716033630160382,0.007652280379563546,46266
NSE_TCS-EQ,1772182500,SELL,2634.8,2639.7,-4.899999999999636,0,2642.983435488225,2643.254413030049,-0.2709775418238678,-0.16293433367434834,34330
NSE_INFY-EQ,1772423400,SELL,1293.3,1294.1,-0.7999999999999545,0,1303.257441355017,1303.6088527302993,-0.35141137528239597,0.2325040688212044,252568
NSE_INFY-EQ,1772599500,BUY,1307.4,1305.8,-1.6000000000001364,0,1296.8653103954225,1296.6041927300982,0.2611176653242637,-0.09170105456211357,96445
NSE_RELIANCE-EQ,1772687700,BUY,1382.5,1381.6,-0.900000000000091,0,1366.2465183878967,1366.1242701027438,0.1222482851528639,-0.11559858391734046,222653
NSE_INFY-EQ,1772689200,SELL,1293.5,1298.8,-5.2999999999999545,0,1299.1020394825196,1299.1295414078493,-0.02750192532971596,-0.05408746716118416,44708
NSE_INFY-EQ,1772698200,BUY,1300.1,1306.6,6.5,1,1298.9257360168183,1298.9112831065215,0.014452910296768096,0.007692307692300697,93447
NSE_TCS-EQ,1772775300,BUY,2595.0,2581.3,-13.699999999999818,0,2591.1408375486926,2591.1041441775983,0.03669337109431581,0.09257116408239185,19656
NSE_TCS-EQ,1772776200,SELL,2589.5,2578.7,10.800000000000182,1,2591.0749630933105,2591.0947298600563,-0.019766766745760833,-0.019305019305019305,11425
NSE_INFY-EQ,1773030000,SELL,1294.6,1298.8,-4.2000000000000455,0,1304.6475000709788,1304.9446690579005,-0.2971689869216334,0.30216161772680433,104645
NSE_INFY-EQ,1773048300,BUY,1311.2,1298.5,-12.700000000000045,0,1303.3227087562418,1303.0626948796807,0.2600138765610609,-0.09143553794575171,118382
NSE_INFY-EQ,1773117600,SELL,1298.4,1297.0,1.400000000000091,1,1303.2069659523606,1303.296585775967,-0.08961982360642651,0.131102028225499,66694
NSE_AXISBANK-EQ,1773134400,BUY,1313.7,1304.3,-9.400000000000091,0,1310.3040981243844,1310.2046177844245,0.09948033995988226,0.11431184270690442,185849
NSE_AXISBANK-EQ,1773202200,SELL,1302.0,1285.0,17.0,1,1309.8779464066174,1310.2040923140291,-0.32614590741172833,-0.17633979912596448,59592
NSE_RELIANCE-EQ,1773208800,SELL,1397.7,1400.8,-3.099999999999909,0,1404.5335227453534,1404.7663302987116,-0.23280755335827052,-0.17854592201114128,96222
NSE_RELIANCE-EQ,1773297000,BUY,1409.7,1403.3,-6.400000000000091,0,1401.914425435336,1401.896254103098,0.01817133223789824,0.08519701810436957,88530
NSE_RELIANCE-EQ,1773308400,SELL,1390.6,1393.8,-3.2000000000000455,0,1401.9662190255472,1402.4126063291274,-0.4463873035801953,-0.3439873871291516,1652651
NSE_HDFCBANK-EQ,1773646200,BUY,831.75,828.45,-3.2999999999999545,0,828.8047293715297,828.7175826438545,0.08714672767519005,-0.01803101334294714,486276
NSE_ICICIBANK-EQ,1773720300,BUY,1281.1,1283.1,2.0,1,1265.9498346434946,1265.530010121289,0.4198245222055448,0.1250488472059327,90457
NSE_RELIANCE-EQ,1773720300,BUY,1400.7,1399.0,-1.7000000000000455,0,1389.5035518709235,1389.3187808998714,0.18477097105210305,0.05000000000000324,100944
NSE_AXISBANK-EQ,1773733200,BUY,1230.5,1225.9,-4.599999999999909,0,1221.4719020396187,1221.1525114920607,0.3193905475579868,0.13019773781429805,63885
NSE_KOTAKBANK-EQ,1773738900,BUY,374.15,374.25,0.10000000000002274,1,372.2790158981546,372.1995237714456,0.07949212670899897,0.10702341137123136,238973
NSE_TCS-EQ,1773807000,BUY,2461.5,2466.8,5.300000000000182,1,2411.1074012984,2409.4939955907253,1.6134057076747013,0.02031694433157253,50235
NSE_SBIN-EQ,1773807300,BUY,1068.3,1063.3,-5.0,0,1062.7850503420684,1062.770624670614,0.014425671454318945,0.05619556055070798,121741
NSE_LT-EQ,1773807900,BUY,3575.9,3596.0,20.09999999999991,1,3539.7623336137863,3539.684316973775,0.07801664001135578,-0.38720820101398656,75989
NSE_INFY-EQ,1773808200,BUY,1273.1,1282.4,9.300000000000182,1,1246.2455593097689,1245.517710826241,0.7278484835278505,0.11796162315193459,121486
NSE_HDFCBANK-EQ,1773892800,SELL,807.95,804.15,3.800000000000068,1,836.2695245495546,837.1537368522011,-0.8842123026464606,-0.42519102785308505,3272869
NSE_KOTAKBANK-EQ,1773893100,SELL,365.5,366.0,-0.5,0,372.8347157742545,372.8923638690921,-0.057648094837588815,-0.01367801942279069,203752
NSE_SBIN-EQ,1773894000,SELL,1051.9,1053.7,-1.7999999999999545,0,1063.8512759339585,1064.1547158826681,-0.303439948709638,-0.0854863221884369,203794
NSE_LT-EQ,1773894600,SELL,3493.0,3473.0,20.0,1,3561.0579574312483,3563.3958528274293,-2.337895396181011,0.11177667593362446,29217
NSE_ICICIBANK-EQ,1773894600,SELL,1261.0,1264.4,-3.400000000000091,0,1279.4895370332981,1279.5147051298388,-0.025168096540710394,0.20661157024792665,105729
NSE_TCS-EQ,1773895500,SELL,2394.5,2382.5,12.0,1,2428.4221229613277,2429.2528703015173,-0.8307473401896459,-0.008351776840515225,30427
NSE_AXISBANK-EQ,1773895800,SELL,1212.2,1217.0,-4.7999999999999545,0,1232.670902189951,1233.1706991567319,-0.4997969667808775,0.1321658681645578,53048
NSE_INFY-EQ,1773895800,SELL,1240.3,1232.1,8.200000000000045,1,1257.077141677722,1257.4623296692982,-0.38518799157623107,0.0,48471
NSE_RELIANCE-EQ,1773907200,SELL,1395.5,1392.5,3.0,1,1401.230746180246,1401.304921328385,-0.0741751481391475,0.02867177980073765,66251
NSE_SBIN-EQ,1773980100,BUY,1083.0,1077.8,-5.2000000000000455,0,1059.6951612343487,1059.4560649994398,0.2390962349088568,-0.02769315978952779,386660
NSE_RELIANCE-EQ,1773981000,BUY,1416.0,1426.5,10.5,1,1401.0871045067902,1400.474894515696,0.6122099910942325,0.06359974560102402,173412
NSE_SBIN-EQ,1774000500,SELL,1058.3,1019.7,38.59999999999991,1,1062.6410383266398,1062.7297750087191,-0.08873668207934315,0.08511443162472702,453351
NSE_INFY-EQ,1774242000,BUY,1249.1,1247.6,-1.5,0,1244.7917178377634,1244.791030781865,0.00068705589842466,0.1523412443874169,133887
NSE_RELIANCE-EQ,1774242300,SELL,1395.3,1395.6,-0.2999999999999545,0,1408.8257938724348,1408.9672572213583,-0.14146334892348023,0.14354410392593125,74864
NSE_TCS-EQ,1774257300,BUY,2395.4,2391.6,-3.800000000000182,0,2392.284211402929,2392.1716818442774,0.11252955865165859,-0.05424124838318217,35522
NSE_TCS-EQ,1774258500,SELL,2385.1,2388.0,-2.900000000000091,0,2392.0111794640065,2392.136231497866,-0.12505203385944696,0.058732223014644924,81945
NSE_RELIANCE-EQ,1774324500,BUY,1416.0,1414.4,-1.599999999999909,0,1407.1070891792915,1406.7420293393468,0.36505983994470625,0.007062645667060459,164527
NSE_TCS-EQ,1774331700,BUY,2421.2,2422.9,1.7000000000002728,1,2392.0637218487705,2391.684666451644,0.37905539712664904,0.5398222738975169,89243
NSE_LT-EQ,1774335600,BUY,3465.5,3526.6,61.09999999999991,1,3414.5084490689114,3413.3865937932596,1.1218552756517965,0.6915187262108895,74693
NSE_KOTAKBANK-EQ,1774336800,BUY,369.7,368.35,-1.349999999999966,0,365.2028706264485,365.05261565435535,0.15025497209313698,0.06766815536608473,198836
NSE_ICICIBANK-EQ,1774345500,BUY,1250.8,1262.2,11.400000000000091,1,1244.143819785355,1244.108868196979,0.03495158837586132,0.047992321228596146,1196224
NSE_AXISBANK-EQ,1774410600,BUY,1213.4,1215.7,2.2999999999999545,1,1194.2595784182645,1194.0683172448087,0.19126117345581406,-0.008240626287590364,92459
NSE_HDFCBANK-EQ,1774413000,BUY,785.25,787.4,2.1499999999999773,1,772.8257624154746,772.4896969037983,0.33606551167633825,-0.012733176290828641,722563
NSE_SBIN-EQ,1774414500,BUY,1053.3,1056.4,3.1000000000001364,1,1042.6619982948096,1042.621908382635,0.04008991217460789,0.09502993442934525,89683
NSE_TCS-EQ,1774430100,SELL,2387.0,2406.7,-19.699999999999818,0,2402.7278166368337,2402.810332401939,-0.08251576510519953,-0.07116841796792474,152483
NSE_RELIANCE-EQ,1774584000,SELL,1379.3,1376.0,3.2999999999999545,1,1412.9126572380292,1414.1501114938399,-1.2374542558106896,-0.5192931842769597,623756
NSE_HDFCBANK-EQ,1774585800,SELL,766.0,761.85,4.149999999999977,1,778.0742045155054,778.0832825194847,-0.009078003979311688,0.18965404486299725,1268529
NSE_KOTAKBANK-EQ,1774586100,SELL,363.6,363.9,-0.2999999999999545,0,367.7136410527334,367.8134812933721,-0.09984024063868446,-0.12360939431396473,148957
NSE_TCS-EQ,1774587600,BUY,2415.0,2405.0,-10.0,0,2402.586641797108,2402.156826636282,0.4298151608259104,-0.03725319756612819,86211
NSE_SBIN-EQ,1774589700,SELL,1041.4,1039.0,2.400000000000091,1,1048.207162514549,1048.29237302918,-0.08521051463094409,0.048035354020559126,137007
NSE_ICICIBANK-EQ,1774591800,SELL,1246.8,1253.6,-6.7999999999999545,0,1253.081465601182,1253.181449204162,-0.09998360298004627,-0.0641231163834526,210839
NSE_TCS-EQ,1774603500,SELL,2389.5,2393.6,-4.099999999999909,0,2404.0786670837497,2404.3220544776545,-0.24338739390486808,-0.05019450370183704,47857
NSE_INFY-EQ,1774604400,SELL,1270.0,1258.7,11.299999999999955,1,1274.2693852166808,1274.3704631534354,-0.10107793675456378,-0.14938281311424567,545287
NSE_AXISBANK-EQ,1774605300,SELL,1203.8,1173.8,30.0,1,1208.776187269527,1208.8272345956236,-0.05104732609652274,0.10810810810810434,258027
NSE_LT-EQ,1774846800,SELL,3508.9,3512.0,-3.099999999999909,0,3545.164421643297,3546.5407831141542,-1.3763614708573186,-0.0028498147620378755,33766
NSE_LT-EQ,1775016300,BUY,3619.9,3616.4,-3.5,0,3538.5942108076197,3537.761914641932,0.8322961656876942,-0.17924112067063755,94068
NSE_TCS-EQ,1775017500,BUY,2462.9,2451.8,-11.099999999999909,0,2394.598277769219,2392.2751315919218,2.323146177297076,-0.09735123514379958,43627
NSE_INFY-EQ,1775017800,BUY,1301.0,1293.8,-7.2000000000000455,0,1267.3363109479749,1267.3270717337393,0.009239214235549298,0.4555632769670366,231371
NSE_AXISBANK-EQ,1775026800,BUY,1196.2,1193.4,-2.7999999999999545,0,1189.5083799261872,1189.3656604116388,0.14271951454838927,-0.1002171371304531,59166
NSE_RELIANCE-EQ,1775027700,BUY,1374.8,1365.9,-8.899999999999864,0,1371.2972742658035,1371.231224387342,0.0660498784613992,0.13109978150036086,100963
NSE_RELIANCE-EQ,1775031600,SELL,1364.7,1367.0,-2.2999999999999545,0,1371.1379685162972,1371.264863157726,-0.1268946414288621,-0.08785416209093237,283912
NSE_SBIN-EQ,1775032200,BUY,1022.1,1018.7,-3.3999999999999773,0,1016.7194722852557,1016.6389078111923,0.08056447406340794,0.1273510971786901,107189
NSE_SBIN-EQ,1775101800,SELL,986.5,981.45,5.0499999999999545,1,1015.4411970636087,1016.6249601857089,-1.1837631221002312,-0.050658561296859174,390901
NSE_AXISBANK-EQ,1775102100,SELL,1159.7,1164.5,-4.7999999999999545,0,1189.7630892793684,1190.4926008280588,-0.7295115486904251,-0.24944090830895096,102298
NSE_LT-EQ,1775104200,SELL,3481.9,3484.2,-2.299999999999727,0,3567.920756235242,3570.6795170441824,-2.758760808940224,0.02585463947141887,51619
NSE_INFY-EQ,1775104200,SELL,1264.1,1269.2,-5.100000000000136,0,1274.0399408461426,1274.0663874323957,-0.026446586253086934,0.15846604864907693,57636
NSE_INFY-EQ,1775117700,BUY,1285.6,1292.1,6.5,1,1272.9966273932173,1272.9701109067144,0.026516486502941916,0.0077790742901523964,93809
NSE_LT-EQ,1775120700,BUY,3601.5,3594.6,-6.900000000000091,0,3556.3055738570256,3555.4594472273657,0.8461266296599206,-0.26860877270712835,84391
NSE_AXISBANK-EQ,1775123100,BUY,1198.4,1202.8,4.399999999999864,1,1183.5020166825489,1182.8687887382853,0.6332279442635809,-0.10836042343918935,374788
NSE_SBIN-EQ,1775447700,BUY,1019.4,1013.8,-5.600000000000023,0,1007.6180778996819,1007.1355541760381,0.48252372364379426,-0.00490460542450029,252694
NSE_HDFCBANK-EQ,1775450700,BUY,748.6,755.25,6.649999999999977,1,745.7855567529408,745.689977150172,0.09557960276879385,0.0467758102238587,1176786
NSE_ICICIBANK-EQ,1775461800,BUY,1223.9,1229.6,5.699999999999818,1,1213.4721500090793,1213.3547298799456,0.11742012913373401,0.10633077048913643,118382
NSE_KOTAKBANK-EQ,1775462400,BUY,359.2,359.4,0.19999999999998863,1,355.3269482318834,355.26724715852146,0.05970107336196406,0.013921759710430564,411787
NSE_RELIANCE-EQ,1775623500,BUY,1342.0,1347.1,5.099999999999909,1,1318.9359454715832,1318.8371332221827,0.09881224940045286,-0.0074510096117956235,143196
NSE_SBIN-EQ,1775728200,SELL,1040.0,1058.95,-18.950000000000045,0,1043.3980809863601,1043.4529664419458,-0.05488545558569058,0.0,737565
NSE_SBIN-EQ,1775792700,BUY,1057.5,1064.3,6.7999999999999545,1,1043.9631430901902,1043.5452088739162,0.41793421627403404,1.6387140179729882,689809
NSE_INFY-EQ,1775793600,SELL,1297.9,1290.4,7.5,1,1324.046109978602,1324.4017627268174,-0.3556527482153342,-0.1768958621750465,508584
NSE_TCS-EQ,1775798400,SELL,2509.1,2506.6,2.5,1,2540.314851290284,2541.532248227775,-1.2173969374912303,-0.027890668579180523,86945
NSE_RELIANCE-EQ,1776053700,SELL,1314.2,1323.0,-8.799999999999955,0,1337.5318692884553,1337.6326344193972,-0.10076513094190886,-0.05323598752757209,185001
NSE_KOTAKBANK-EQ,1776054000,SELL,366.5,366.95,-0.44999999999998863,0,372.2879142471413,372.5354981753323,-0.24758392819097708,-0.16344320348679453,799469
NSE_SBIN-EQ,1776055800,SELL,1038.55,1042.5,-3.9500000000000455,0,1049.2870088463228,1049.591597101295,-0.30458825497225916,0.20261469438949384,209169
NSE_HDFCBANK-EQ,1776057000,SELL,792.7,788.7,4.0,1,798.506156286552,798.6658976236632,-0.15974133711119975,0.018926250709745875,266063
NSE_SBIN-EQ,1776065100,BUY,1053.3,1065.25,11.950000000000045,1,1049.0185169190358,1048.9484658381305,0.0700510809053867,-0.17533052172678162,232633
NSE_KOTAKBANK-EQ,1776225000,BUY,378.6,380.55,1.9499999999999886,1,371.40369798873525,371.25656111501667,0.14713687371857986,-0.19770660340055357,362294
NSE_HDFCBANK-EQ,1776225900,BUY,808.55,812.0,3.4500000000000455,1,797.2441109239004,796.9774508091883,0.2666601147120673,0.06187735907431471,763416
NSE_TCS-EQ,1776228300,BUY,2552.6,2538.6,-14.0,0,2511.483878645817,2511.431134113669,0.05274453214815367,0.12944729925860932,83162
NSE_INFY-EQ,1776229200,BUY,1307.4,1302.9,-4.5,0,1294.9896824830532,1294.9176468777057,0.07203560534753706,-0.11460004584001833,170151
NSE_RELIANCE-EQ,1776230400,BUY,1341.3,1340.9,-0.3999999999998636,0,1330.46237213206,1330.0152586922654,0.4471134397945207,0.022371364653240456,176812
NSE_HDFCBANK-EQ,1776324600,SELL,798.0,798.8,-0.7999999999999545,0,804.013739758442,804.0375378101185,-0.023798051676521936,0.07524454477050699,424810
NSE_LT-EQ,1776668700,SELL,4059.9,4031.5,28.40000000000009,1,4077.0928261523977,4077.7006432268035,-0.6078170744058298,0.0,32959
NSE_KOTAKBANK-EQ,1776672900,SELL,378.95,379.35,-0.4000000000000341,0,380.8868123470951,380.9197703494573,-0.03295800236219293,-0.013192612137206166,101526
NSE_INFY-EQ,1776744300,SELL,1304.3,1314.6,-10.299999999999955,0,1312.066864306998,1312.2578955996773,-0.19103129267932673,-0.015331544653127287,90692
NSE_HDFCBANK-EQ,1776747300,BUY,802.55,807.3,4.75,1,800.2046391145014,800.202234072267,0.002405042234499888,-0.03114100647732935,165659
NSE_INFY-EQ,1776748200,BUY,1315.7,1318.0,2.2999999999999545,1,1312.3561534933585,1312.2598696638438,0.09628382951473213,0.08367564278108447,57065
NSE_KOTAKBANK-EQ,1776749400,BUY,381.05,381.0,-0.05000000000001137,0,380.76462171434815,380.75953399992164,0.005087714426508683,-0.07866789038940902,72497
NSE_LT-EQ,1776749700,BUY,4085.4,4066.8,-18.59999999999991,0,4071.826352496847,4071.492562981554,0.3337895152931196,-0.05871128724497507,20167
NSE_RELIANCE-EQ,1776760500,SELL,1352.8,1353.3,-0.5,0,1357.2025296085576,1357.3288942411002,-0.12636463254261798,0.007392622163074521,184246
NSE_INFY-EQ,1776764400,SELL,1312.1,1277.7,34.399999999999864,1,1313.3883860214924,1313.3925858219118,-0.004199800419428357,-0.05332114564290414,381484
NSE_INFY-EQ,1776764700,BUY,1314.0,1274.1,-39.90000000000009,0,1313.4189667204178,1313.3976476067292,0.021319113688605285,0.14480603612530227,313395
NSE_INFY-EQ,1776829500,SELL,1279.4,1266.1,13.300000000000182,1,1311.8319240919184,1313.1349427912662,-1.303018699347831,-2.677620568994357,1787779
NSE_LT-EQ,1776830100,SELL,4059.3,4045.5,13.800000000000182,1,4072.0747687628864,4072.301167095006,-0.22639833211951554,0.06655820144949644,42839
NSE_KOTAKBANK-EQ,1776832500,SELL,378.6,379.5,-0.8999999999999773,0,380.84798569680373,380.93126568651684,-0.08327998971310535,-0.01320480654957204,183696
NSE_TCS-EQ,1776834600,SELL,2562.7,2536.7,26.0,1,2581.1511898072413,2581.3898592280766,-0.23866942083532194,0.050753494182858086,38354
NSE_RELIANCE-EQ,1776835800,BUY,1363.8,1364.2,0.40000000000009095,1,1356.897575875909,1356.8622762590796,0.035299616829433944,0.11745705476434509,120635
NSE_HDFCBANK-EQ,1776846000,SELL,802.0,801.85,0.14999999999997726,1,804.0022111952873,804.0646810465003,-0.06246985121299531,-0.08720568082721383,269428
NSE_ICICIBANK-EQ,1776916800,SELL,1348.0,1351.1,-3.099999999999909,0,1366.0904355153057,1366.7445270728754,-0.6540915575696999,0.029682398337792442,271064
NSE_RELIANCE-EQ,1776918600,SELL,1353.0,1347.2,5.7999999999999545,1,1358.1547293466897,1358.265157197471,-0.11042785078120687,0.02217786648924037,88185
NSE_SBIN-EQ,1776919800,SELL,1096.7,1097.3,-0.599999999999909,0,1101.0301907506628,1101.1070951384731,-0.07690438781037301,0.02280085731223494,49413
NSE_AXISBANK-EQ,1776937500,SELL,1369.7,1361.9,7.7999999999999545,1,1373.1413564590573,1373.2232963864567,-0.08193992739938949,0.00730140186916884,217369
NSE_SBIN-EQ,1777022100,BUY,1103.0,1109.1,6.099999999999909,1,1097.1155903079177,1097.0771875549428,0.038402752974889154,-0.22614201718679333,226402
NSE_LT-EQ,1777264200,BUY,4064.9,4070.0,5.099999999999909,1,4032.9390617831573,4032.9039122720615,0.03514951109582398,-0.19642024110584594,13353
NSE_KOTAKBANK-EQ,1777264200,BUY,378.5,377.3,-1.1999999999999886,0,373.47958969374673,373.4585617314989,0.021027962247842424,-0.05281225244256367,116358
NSE_RELIANCE-EQ,1777276800,BUY,1350.4,1355.5,5.099999999999909,1,1342.3463194676128,1342.1988819672977,0.14743750031516356,0.02962962962963637,112256
NSE_HDFCBANK-EQ,1777350600,BUY,793.2,790.45,-2.75,0,790.0434510636945,789.9222232129262,0.12122785076837772,0.11359333585764116,404709
NSE_HDFCBANK-EQ,1777356900,SELL,787.8,786.9,0.8999999999999773,1,789.9615326599037,790.0014943905293,-0.03996173062557773,-0.05074854097945838,272610
NSE_SBIN-EQ,1777359000,SELL,1094.55,1094.4,0.14999999999986358,1,1102.94869616428,1103.0743352890988,-0.12563912481891748,-0.10039702459728346,113264
NSE_LT-EQ,1777361700,SELL,4032.2,4033.4,-1.2000000000002728,0,4051.725314326645,4051.9988262933753,-0.27351196673043887,0.009921127040022725,17915
NSE_LT-EQ,1777436400,BUY,4074.5,4089.4,14.900000000000091,1,4050.7433555072566,4050.1373398423225,0.6060156649341479,0.022093479968580396,9680
NSE_TCS-EQ,1777440600,BUY,2480.8,2476.7,-4.100000000000364,0,2461.684213122454,2461.4478348454045,0.23637827704942538,0.032258064516136366,44220
NSE_LT-EQ,1777524300,SELL,4021.1,4000.5,20.59999999999991,1,4069.0834639659283,4069.673434158727,-0.5899701927987735,-0.014919064077377952,29004
NSE_TCS-EQ,1777527600,SELL,2453.1,2457.1,-4.0,0,2466.47344916944,2466.5934753349584,-0.12002616551853862,-0.09773976786805502,17435
NSE_INFY-EQ,1777534500,BUY,1183.3,1186.2,2.900000000000091,1,1175.1655384811686,1175.15748645886,0.008052022308675078,-0.02534640081108098,162167
NSE_TCS-EQ,1777536900,BUY,2481.0,2483.3,2.300000000000182,1,2465.8159214714315,2465.459590780758,0.3563306906735306,0.00806191551111811,52409
NSE_KOTAKBANK-EQ,1777867500,SELL,372.85,375.55,-2.6999999999999886,0,379.86564438693904,380.1017433169211,-0.23609892998206305,0.6206989610039161,1164879
NSE_LT-EQ,1777868700,BUY,4108.0,4101.7,-6.300000000000182,0,4051.151344820408,4049.7548932691475,1.396451551260725,0.08527226215129735,18615
NSE_TCS-EQ,1777869900,SELL,2450.0,2442.0,8.0,1,2466.6154853093694,2466.682618247392,-0.06713293802249609,0.04083299305839118,33633
NSE_HDFCBANK-EQ,1777873200,BUY,785.2,778.85,-6.350000000000023,0,779.9920679745298,779.8609749686349,0.13109300589496797,0.07009494679157181,197446
NSE_INFY-EQ,1777878600,SELL,1170.0,1167.9,2.099999999999909,1,1177.281797439563,1177.5614045656296,-0.279607126066594,-0.1365653806759909,74774
NSE_HDFCBANK-EQ,1777880400,SELL,776.15,776.45,-0.3000000000000682,0,779.8605744688917,780.0087115198862,-0.14813705099447816,-0.09010748535753949,183410
NSE_LT-EQ,1777957500,SELL,4033.3,4048.9,-15.599999999999909,0,4070.4205819673944,4071.285393874371,-0.8648119069766835,-0.04213135068153205,43830
NSE_INFY-EQ,1778039100,BUY,1185.9,1178.3,-7.600000000000136,0,1175.210459810562,1174.8526698713542,0.3577899392078052,0.704823369565233,436336
NSE_HDFCBANK-EQ,1778045100,BUY,777.5,776.0,-1.5,0,775.6431503788606,775.5901781082658,0.052972270594750626,-0.01928888317366132,194215
NSE_INFY-EQ,1778049600,SELL,1171.7,1169.4,2.2999999999999545,1,1175.1016098207274,1175.1875544555646,-0.08594463483723302,-0.08527330092947898,65045
NSE_RELIANCE-EQ,1778053500,SELL,1434.8,1438.6,-3.7999999999999545,0,1443.8783607670375,1443.9008095603397,-0.02244879330214644,0.12561060711793123,87425
NSE_SBIN-EQ,1778058000,BUY,1088.8,1097.5,8.700000000000045,1,1070.5006340462746,1070.3993228236402,0.10131122263442194,0.26705958191360746,598736
NSE_AXISBANK-EQ,1778058600,BUY,1293.7,1299.7,6.0,1,1272.291176020042,1271.4334075683162,0.8577684517258604,0.154834713942866,128610
NSE_ICICIBANK-EQ,1778059800,BUY,1281.6,1286.4,4.800000000000182,1,1265.0113932604124,1264.4916949671665,0.5196982932459377,0.10153870186674642,1234239
NSE_KOTAKBANK-EQ,1778127900,BUY,376.7,379.65,2.9499999999999886,1,373.5324887619962,373.4263677942939,0.10612096770228163,0.4131680661068936,216883
NSE_LT-EQ,1778139000,BUY,4035.6,4028.5,-7.099999999999909,0,4010.4249636770887,4009.365049891195,1.0599137858935137,0.024785604520894268,31681
NSE_LT-EQ,1778214300,SELL,3987.0,3976.5,10.5,1,4010.6207036567002,4011.4931290821796,-0.8724254254793777,0.05520979722946742,22927
NSE_AXISBANK-EQ,1778217000,SELL,1272.8,1273.7,-0.900000000000091,0,1280.7125120709338,1281.0226261996438,-0.31011412870998356,-0.015710919088770266,20732
NSE_ICICIBANK-EQ,1778217900,SELL,1264.7,1264.0,0.7000000000000455,1,1273.3199359411424,1273.3247974290175,-0.004861487875132298,-0.13423878711308002,205201
NSE_HDFCBANK-EQ,1778221800,SELL,781.55,779.0,2.5499999999999545,1,785.2364121471703,785.2713283316365,-0.0349161844661694,-0.14692730292578138,222237
NSE_INFY-EQ,1778225700,BUY,1174.5,1178.4,3.900000000000091,1,1170.8698794654063,1170.7177059032706,0.15217356213565836,0.1278772378516624,131451
NSE_SBIN-EQ,1778228400,SELL,1078.5,1029.1,49.40000000000009,1,1083.584401768161,1083.7529659285995,-0.1685641604385637,0.0,76565
NSE_ICICIBANK-EQ,1778485500,BUY,1272.3,1271.7,-0.599999999999909,0,1268.8551112905268,1268.8233848878524,0.031726402674394194,-0.19610919359899595,342568
NSE_AXISBANK-EQ,1778487600,BUY,1282.0,1276.5,-5.5,0,1274.800635437687,1274.554331645771,0.24630379191603424,-0.023395461280508036,82293
NSE_ICICIBANK-EQ,1778557500,SELL,1256.1,1250.4,5.699999999999818,1,1268.9252824500659,1269.0767104549695,-0.15142800490366426,-0.8759469696969804,900466
NSE_AXISBANK-EQ,1778557500,SELL,1269.8,1272.2,-2.400000000000091,0,1274.5869581782476,1274.7110310436483,-0.12407286540064888,0.14985408943921943,292950
NSE_INFY-EQ,1778558100,SELL,1138.9,1131.6,7.300000000000182,1,1174.3100420832482,1175.460036772308,-1.1499946890598949,-0.18404907975459325,339928
NSE_KOTAKBANK-EQ,1778570700,SELL,377.95,376.65,1.3000000000000114,1,378.97887634475,378.99084417285314,-0.011967828103138345,0.10594623228710827,84694
NSE_KOTAKBANK-EQ,1778648400,BUY,382.7,379.45,-3.25,0,378.6478485782451,378.6325019876868,0.015346590558294793,0.23572551073860062,213076
NSE_LT-EQ,1778730300,BUY,3965.5,3964.0,-1.5,0,3918.3480733023644,3917.539000937878,0.8090723644863829,1.1349145626115786,76166
NSE_KOTAKBANK-EQ,1778733600,SELL,378.15,377.3,0.8499999999999659,1,379.400090938558,379.43013519120206,-0.03004425264407473,-0.05286110744021289,39441
NSE_KOTAKBANK-EQ,1778739900,BUY,383.2,383.9,0.6999999999999886,1,379.5137497091738,379.38795629839746,0.125793410776339,0.1175702155453922,94617
NSE_HDFCBANK-EQ,1778741400,BUY,770.8,773.85,3.050000000000068,1,760.0997320200904,759.7880486946483,0.3116833254421181,0.11689829848031917,379680
NSE_ICICIBANK-EQ,1778745000,BUY,1250.3,1252.4,2.1000000000001364,1,1248.705178258698,1248.6447625817761,0.060415676921820705,-0.07193094629156736,94328
NSE_ICICIBANK-EQ,1778824500,SELL,1245.1,1248.0,-2.900000000000091,0,1248.9276390992313,1249.0440184550466,-0.11637935581529746,-0.024088646218097146,138798
NSE_LT-EQ,1778824500,SELL,3911.3,3919.0,-7.699999999999818,0,3933.747682074724,3933.9655209890884,-0.21783891436462,-0.045999335565145974,14061
NSE_ICICIBANK-EQ,1778830800,BUY,1251.0,1251.0,0.0,0,1248.9676888421839,1248.9648002053873,0.002888636796569699,0.007994244144208892,21483
NSE_ICICIBANK-EQ,1778838000,SELL,1243.9,1235.4,8.5,1,1248.962150086851,1249.0789889666512,-0.11683887980029795,0.08850981654330033,284950
NSE_HDFCBANK-EQ,1779077100,SELL,754.0,760.7,-6.7000000000000455,0,767.6831495109157,767.9180754452581,-0.2349259343424137,-0.01988994231916426,219542
NSE_INFY-EQ,1779078300,BUY,1130.0,1132.5,2.5,1,1122.3524849482255,1122.3334099373128,0.01907501091272934,0.08857395925597875,60497
NSE_KOTAKBANK-EQ,1779081600,SELL,382.1,383.7,-1.599999999999966,0,384.3489911586672,384.3660247278045,-0.01703356913725429,0.065470734581642,70918
NSE_KOTAKBANK-EQ,1779087000,BUY,386.2,391.35,5.150000000000034,1,384.41277243573154,384.34511586824937,0.06765656748217452,-0.06469142191745375,374561
NSE_HDFCBANK-EQ,1779089400,BUY,773.3,772.0,-1.2999999999999545,0,766.9673613876851,766.888777915095,0.07858347259002585,0.0776497994046731,289604
NSE_TCS-EQ,1779094800,BUY,2279.3,2353.0,73.69999999999982,1,2277.9971577628753,2277.9596535715173,0.03750419135803895,-0.052620039465021626,22517
NSE_ICICIBANK-EQ,1779096600,BUY,1251.9,1239.4,-12.5,0,1246.2579030990375,1246.0577287052758,0.20017439376169932,0.2964268546707295,967745
NSE_ICICIBANK-EQ,1779164700,SELL,1236.8,1242.2,-5.400000000000091,0,1245.7541426809921,1246.061117406392,-0.3069747253998685,-0.03233107015842959,320448
NSE_LT-EQ,1779165300,BUY,3933.0,3930.9,-2.099999999999909,0,3916.1062833620754,3915.3813544084924,0.724928953583003,0.25746259145020034,47201
NSE_HDFCBANK-EQ,1779170700,SELL,766.2,767.75,-1.5499999999999545,0,767.4134641858437,767.4288516981088,-0.01538751226507884,0.01305312622373355,466941
NSE_HDFCBANK-EQ,1779171300,BUY,768.2,767.0,-1.2000000000000455,0,767.466401427724,767.4375186733972,0.028882754326787108,0.06512960791976032,225123
NSE_HDFCBANK-EQ,1779176400,SELL,766.0,765.8,0.20000000000004547,1,767.4150049296372,767.4511360736433,-0.036131144006049,-0.11084305926843878,526441
NSE_HDFCBANK-EQ,1779177900,BUY,767.9,765.4,-2.5,0,767.458906434772,767.4569534403457,0.00195299442623309,-0.0260382762661171,436238
NSE_KOTAKBANK-EQ,1779177900,SELL,384.75,382.3,2.4499999999999886,1,386.3852596779514,386.3923766495583,-0.007116971606876632,-0.23337222870477825,161970
NSE_HDFCBANK-EQ,1779178200,SELL,766.5,764.35,2.1499999999999773,1,767.4109611130334,767.4489788283429,-0.03801771530947917,-0.18231540565177462,466897
NSE_ICICIBANK-EQ,1779181200,BUY,1247.1,1227.8,-19.299999999999955,0,1245.2464363827046,1245.2337350424448,0.012701340259809513,0.08828250401283379,104846
NSE_ICICIBANK-EQ,1779182100,SELL,1243.4,1232.9,10.5,1,1245.2270008936216,1245.2318439874948,-0.004843093873205362,-0.16059097478721696,290418
NSE_RELIANCE-EQ,1779261000,BUY,1355.0,1354.9,-0.09999999999990905,0,1339.1839882201054,1339.0806666989176,0.10332152118780868,0.5192878338278931,557517
NSE_LT-EQ,1779263100,SELL,3909.7,3914.2,-4.5,0,3924.3383776539195,3924.391624611801,-0.05324695788158351,-0.06645707128799846,21559
NSE_AXISBANK-EQ,1779265800,BUY,1250.0,1249.4,-0.599999999999909,0,1243.1762745304918,1243.1262007208393,0.050073809652531054,0.15223139171541472,52076
NSE_LT-EQ,1779336600,BUY,3950.0,3955.0,5.0,1,3924.5007876571217,3923.4959281555584,1.00485950156326,0.07600709399543958,16123
NSE_SBIN-EQ,1779336600,BUY,954.8,957.3,2.5,1,951.039651310859,950.8906595944785,0.14899171638046482,0.0,93580
NSE_ICICIBANK-EQ,1779339600,BUY,1245.7,1246.1,0.3999999999998636,1,1239.9585954125812,1239.7853988012423,0.17319661133888076,0.0,85978
NSE_SBIN-EQ,1779349200,SELL,949.1,951.2,-2.1000000000000227,0,951.3701988375005,951.3763372671962,-0.006138429695624836,0.04216295983977836,58218
NSE_SBIN-EQ,1779355500,BUY,952.5,957.0,4.5,1,951.3773175761211,951.3313581448093,0.045959431311757726,-0.020992967355940532,356891
NSE_SBIN-EQ,1779356700,SELL,949.9,956.8,-6.899999999999977,0,951.2932250239855,951.3200377200707,-0.026812696085130483,0.03159224936815023,390943
NSE_SBIN-EQ,1779421500,BUY,955.0,956.7,1.7000000000000455,1,951.3540288049395,951.3281512987943,0.025877506145207008,0.5368986209074664,198835
NSE_LT-EQ,1779421500,SELL,3918.9,3930.0,-11.099999999999909,0,3928.409289517646,3928.4173340047632,-0.0080444871173313,-0.3306289580101223,55326
NSE_LT-EQ,1779421800,BUY,3932.9,3932.9,0.0,0,3928.6338250417634,3928.4546895547237,0.17913548703972992,0.35724310393222586,40534
NSE_HDFCBANK-EQ,1779423900,BUY,769.95,770.3,0.34999999999990905,1,762.2833557084366,762.1579713219986,0.125384386437986,-0.006493506493500587,327422
NSE_KOTAKBANK-EQ,1779425700,BUY,385.15,383.2,-1.9499999999999886,0,382.9649517165431,382.8772059782992,0.08774573824393883,-0.0907911802853496,55576
NSE_TCS-EQ,1779438300,SELL,2316.7,2318.0,-1.300000000000182,0,2321.734901947228,2321.7938062014414,-0.05890425421330292,-0.04745879713523012,10796
NSE_INFY-EQ,1779438600,SELL,1176.0,1174.3,1.7000000000000455,1,1180.2062391816457,1180.295803044086,-0.08956386244017267,0.0,91111
NSE_SBIN-EQ,1779441300,SELL,949.0,960.5,-11.5,0,952.0405143202061,952.1487190622133,-0.10820474200727404,0.042167404596244705,82588
NSE_SBIN-EQ,1779681300,BUY,961.4,960.7,-0.6999999999999318,0,952.5670090033742,952.194244473005,0.37276453036918156,-0.03119475928044798,332080
NSE_RELIANCE-EQ,1779787800,SELL,1355.6,1359.2,-3.6000000000001364,0,1358.7177564329254,1358.779752097101,-0.06199566417558344,0.04428044280442133,780423
NSE_RELIANCE-EQ,1779788100,BUY,1360.2,1356.9,-3.2999999999999545,0,1358.7918686112791,1358.7915874962919,0.00028111498727412254,0.33933313661848163,1777431
NSE_RELIANCE-EQ,1779788400,SELL,1354.9,1355.5,-0.599999999999909,0,1358.5972751807153,1358.7591576004893,-0.1618824197739741,-0.3896485810910127,780940
NSE_HDFCBANK-EQ,1779854700,SELL,764.85,764.3,0.5500000000000682,1,778.2918560326343,778.3720039880707,-0.08014795543635955,0.14402618657938104,1089747
NSE_ICICIBANK-EQ,1779872700,SELL,1270.0,1282.3,-12.299999999999955,0,1278.482027895789,1278.8251406036575,-0.34311270786838577,0.03938558487593541,201541
NSE_KOTAKBANK-EQ,1780027500,SELL,385.85,390.05,-4.199999999999989,0,388.39696869862667,388.4300327075188,-0.033064008892154106,-0.03886010362693711,107082
NSE_INFY-EQ,1780027800,BUY,1201.4,1205.0,3.599999999999909,1,1170.6198269202853,1169.8960414404753,0.7237854798099761,-0.008322929671236708,356080
NSE_TCS-EQ,1780029000,BUY,2331.8,2308.4,-23.40000000000009,0,2293.258868628021,2291.920251477278,1.3386171507431754,0.35721971164192734,177900
NSE_KOTAKBANK-EQ,1780030500,BUY,390.25,391.3,1.0500000000000114,1,388.50666549254066,388.4302103396801,0.0764551528605466,-0.20457741976729607,72749
NSE_ICICIBANK-EQ,1780033500,BUY,1281.2,1280.5,-0.7000000000000455,0,1278.4861015374759,1278.435406750533,0.05069478694281315,0.07029602436929555,158419
NSE_ICICIBANK-EQ,1780041600,SELL,1274.6,1273.6,1.0,1,1278.6812436098714,1278.6893900262264,-0.008146416354975372,-0.17230576441103113,91654
NSE_TCS-EQ,1780042200,SELL,2284.9,2293.3,-8.400000000000091,0,2294.171470399836,2294.287557704325,-0.11608730448915594,0.004376750700276131,40317
NSE_SBIN-EQ,1780042200,SELL,963.5,965.0,-1.5,0,966.5228361350859,966.5305299526372,-0.007693817551285065,0.031146179401988633,163386
NSE_KOTAKBANK-EQ,1780042800,SELL,386.15,387.0,-0.8500000000000227,0,388.726665976802,388.73011023609183,-0.003444259289835827,-0.15513897866839632,78143
NSE_AXISBANK-EQ,1780043400,SELL,1295.5,1282.7,12.799999999999955,1,1299.653016408354,1299.6832530847448,-0.030236676390813955,-0.05400401172658892,20972
NSE_TCS-EQ,1780289400,BUY,2325.4,2322.6,-2.800000000000182,0,2293.6632293911434,2293.0250390696024,0.6381903215410603,0.614399446175159,160950
NSE_LT-EQ,1780299000,SELL,4041.6,4019.8,21.799999999999727,1,4058.563218589467,4058.6463594750353,-0.08314088556835486,-0.09887284951552303,14517
NSE_TCS-EQ,1780462800,SELL,2265.9,2248.7,17.200000000000273,1,2351.5814383368756,2353.7755971744996,-2.194158837623945,-0.26409613099168094,270743
NSE_INFY-EQ,1780471800,SELL,1221.7,1223.2,-1.5,0,1226.6336429677872,1226.7912330409715,-0.1575900731843376,0.04094333442515558,93350
NSE_SBIN-EQ,1780477500,BUY,964.25,968.5,4.25,1,953.500165133225,953.4526680668262,0.04749706639881879,-0.03110258669845571,270324
NSE_HDFCBANK-EQ,1780478100,BUY,753.3,746.1,-7.199999999999932,0,749.3234416429812,749.2954792451618,0.02796239781935128,0.06641870350690755,471709
NSE_KOTAKBANK-EQ,1780480500,BUY,382.45,382.7,0.25,1,380.4946599340268,380.49138754902054,0.003272385006255263,0.28844893142781325,675192
NSE_KOTAKBANK-EQ,1780544700,SELL,379.1,382.95,-3.849999999999966,0,380.4249269373255,380.4797926527787,-0.054865715453217945,-0.8759314943129731,658856
NSE_ICICIBANK-EQ,1780547100,BUY,1247.1,1252.1,5.0,1,1240.3543006785908,1240.139181753772,0.21511892481885297,-0.09613073780341629,289898
NSE_KOTAKBANK-EQ,1780547700,BUY,382.3,381.65,-0.6500000000000341,0,380.5093641943606,380.47715829711285,0.03220589724776346,-0.02615062761505384,92233
NSE_HDFCBANK-EQ,1780549200,SELL,747.45,750.05,-2.599999999999909,0,749.3379875453942,749.386089197971,-0.04810165257686094,-0.1802884615384494,275856
NSE_HDFCBANK-EQ,1780550700,BUY,751.1,751.05,-0.05000000000006821,0,749.3932470697384,749.390625920953,0.002621148785465266,0.04662004662004965,342244
NSE_KOTAKBANK-EQ,1780636800,SELL,379.05,380.95,-1.8999999999999773,0,380.86940451679436,380.88362146934975,-0.014216952555386797,-0.14488935721812732,35454
NSE_AXISBANK-EQ,1780638000,BUY,1265.0,1266.1,1.099999999999909,1,1258.0606298620562,1257.822927202122,0.2377026599342571,-0.2208550244518027,126588
NSE_HDFCBANK-EQ,1780646400,SELL,747.45,746.5,0.9500000000000455,1,751.1972198821871,751.2797197853052,-0.08249990311810507,-0.02675048485252883,160497
NSE_ICICIBANK-EQ,1780898100,SELL,1246.0,1250.8,-4.7999999999999545,0,1251.0315964542576,1251.2091907602114,-0.17759430595378944,-0.0962155227710107,56638
NSE_ICICIBANK-EQ,1780907400,BUY,1252.8,1249.1,-3.7000000000000455,0,1251.1318400491518,1251.1154806214872,0.01635942766461085,0.10387534958049977,148655
NSE_ICICIBANK-EQ,1780911600,SELL,1249.9,1268.5,-18.59999999999991,0,1251.121041581536,1251.1265700380297,-0.0055284564937210234,0.00800128020484369,269069
NSE_ICICIBANK-EQ,1780976700,BUY,1264.5,1267.6,3.099999999999909,1,1251.682305999671,1251.2184854875927,0.4638205120782004,1.1680934474757907,644405
NSE_KOTAKBANK-EQ,1780979700,BUY,382.2,378.6,-3.599999999999966,0,378.6824095446403,378.61348908937475,0.06892045526552693,0.13099292638197538,48317
NSE_LT-EQ,1781069400,BUY,3941.3,3942.5,1.199999999999818,1,3918.12044241786,3917.5621750948035,0.5582673230564978,-0.09378960709758728,21516
NSE_RELIANCE-EQ,1781070900,BUY,1280.4,1271.3,-9.100000000000136,0,1279.4195838499877,1279.4091988733119,0.010384976675823054,0.00781066937437604,309189
NSE_RELIANCE-EQ,1781071200,SELL,1278.5,1271.5,7.0,1,1279.3736046574882,1279.4016222160344,-0.028017558546252985,-0.14839112777257818,122229
NSE_HDFCBANK-EQ,1781076000,BUY,746.2,753.05,6.849999999999909,1,741.5875667312641,741.4988886749265,0.08867805633758508,0.14763119044423872,716254
NSE_LT-EQ,1781151000,SELL,3883.5,3885.9,-2.400000000000091,0,3921.90685765153,3923.5817509460103,-1.6748932944801709,-0.33363274733735404,36796
NSE_LT-EQ,1781238600,BUY,3942.4,3929.8,-12.599999999999909,0,3908.3288153238136,3907.00112198686,1.3276933369534163,0.010147133434806974,26890
NSE_RELIANCE-EQ,1781253300,BUY,1281.5,1291.4,9.900000000000091,1,1270.8579939887618,1270.8370045671095,0.020989421652302553,-0.19470404984423675,127887
NSE_TCS-EQ,1781256600,BUY,2163.4,2170.8,7.400000000000091,1,2154.055105538974,2153.8795652218437,0.1755403171305261,0.315311137902262,79053
NSE_INFY-EQ,1781504400,BUY,1141.5,1138.5,-3.0,0,1133.4555556439163,1133.3067278572455,0.14882778667083585,-0.043782837127845885,104314
NSE_SBIN-EQ,1781593500,SELL,1011.6,1010.2,1.3999999999999773,1,1014.5449279278291,1014.6105469588077,-0.06561903097860977,0.07914523149980889,158509
NSE_SBIN-EQ,1781670000,BUY,1016.35,1018.0,1.6499999999999773,1,1014.1596249636839,1014.1096619756522,0.0499629880316661,0.0837026095519471,122006
NSE_KOTAKBANK-EQ,1781756100,SELL,403.25,401.4,1.8500000000000227,1,403.91729852616425,403.9180647900861,-0.000766263921832433,0.07445092443231452,256613
NSE_AXISBANK-EQ,1781756400,SELL,1347.6,1351.8,-4.2000000000000455,0,1353.4401362846404,1353.668353344675,-0.22821706003469444,-0.014838996883814029,36273
NSE_INFY-EQ,1781757900,SELL,1133.1,1131.3,1.7999999999999545,1,1144.7641787429654,1145.1981936511172,-0.4340149081517666,-0.16740088105727674,155506
NSE_AXISBANK-EQ,1781763900,BUY,1356.9,1362.0,5.099999999999909,1,1353.5327191833185,1353.4455715981776,0.08714758514088317,-0.051561579257499865,34771
NSE_TCS-EQ,1781766900,SELL,2187.8,2193.7,-5.899999999999636,0,2195.2654352802124,2195.4099242729944,-0.14448899278204408,0.01371428571429403,15109
NSE_TCS-EQ,1781776200,BUY,2202.5,2076.8,-125.69999999999982,0,2195.4351637589375,2195.1753569011644,0.2598068577731283,-0.11790848487596521,199583
NSE_TCS-EQ,1781840700,SELL,2071.9,2077.9,-6.0,0,2189.6177352924415,2194.2127242414854,-4.594988949043909,-5.950975941897409,1739000
NSE_HDFCBANK-EQ,1781846100,SELL,780.4,778.45,1.9499999999999318,1,787.4936078170068,787.6302075105457,-0.13659969353886936,-0.05762950630723512,226712
NSE_AXISBANK-EQ,1781848500,SELL,1353.1,1353.5,-0.40000000000009095,0,1355.0923205227375,1355.1565434581016,-0.06422293536411416,0.0813609467455554,8740
NSE_RELIANCE-EQ,1781860800,SELL,1311.5,1339.9,-28.40000000000009,0,1324.021258388805,1324.2801898538578,-0.25893146505268305,-0.5082688514641212,319592
NSE_AXISBANK-EQ,1781861400,BUY,1359.4,1361.0,1.599999999999909,1,1355.0083145706199,1354.8381626789776,0.17015189164226285,0.35434814705449447,343234
NSE_RELIANCE-EQ,1782101400,BUY,1337.8,1336.3,-1.5,0,1324.6377381681248,1324.1740107019323,0.46372746619249483,-0.15672811403837125,202202
NSE_HDFCBANK-EQ,1782107700,BUY,787.25,785.4,-1.8500000000000227,0,784.8343269917647,784.7430212987545,0.09130569301021296,0.04447833269793147,153025
NSE_KOTAKBANK-EQ,1782120000,BUY,402.55,402.75,0.19999999999998863,1,401.33627777220136,401.31630112068285,0.019976651518504696,-0.07446940548591569,65165
NSE_RELIANCE-EQ,1782195600,SELL,1324.5,1319.8,4.7000000000000455,1,1327.7994996721193,1327.813202619576,-0.013702947456749826,-0.03773584905660377,162956
NSE_HDFCBANK-EQ,1782197100,SELL,781.3,779.35,1.9499999999999318,1,785.4439493398736,785.5178758897921,-0.07392654991849668,0.03841229193341287,1335246
NSE_SBIN-EQ,1782199800,SELL,1030.0,1025.45,4.5499999999999545,1,1034.4202025557709,1034.434197446982,-0.01399489121104125,-0.03396903964671317,107609
NSE_LT-EQ,1782203700,SELL,4186.5,4179.8,6.699999999999818,1,4198.700688219353,4199.065016160924,-0.36432794157099124,-0.05252226227707447,9846
NSE_ICICIBANK-EQ,1782207300,SELL,1341.4,1360.8,-19.399999999999864,0,1351.9167733384857,1351.9921681185997,-0.07539478011403844,-0.029810702042022925,565604
NSE_ICICIBANK-EQ,1782274500,BUY,1361.8,1369.9,8.100000000000136,1,1352.3400017242416,1351.9425752470881,0.3974264771534308,-0.12467913458012801,154914
NSE_HDFCBANK-EQ,1782280800,BUY,789.1,790.0,0.8999999999999773,1,783.4825776354412,783.3743847658685,0.10819286957269014,-0.012671059300560408,223764
NSE_SBIN-EQ,1782283800,BUY,1044.4,1042.4,-2.0,0,1032.0992284305769,1031.953890439286,0.14533799129094405,0.2688172043010928,199443
NSE_TCS-EQ,1782291900,BUY,2115.2,2119.6,4.400000000000091,1,2102.108566309622,2101.9300980429684,0.1784682666534536,0.15151515151514292,62130
NSE_LT-EQ,1782362100,BUY,4211.2,4227.9,16.699999999999818,1,4194.476062743257,4194.187394773572,0.28866796968486597,0.011874510176455222,18529
NSE_RELIANCE-EQ,1782362700,BUY,1326.4,1325.5,-0.900000000000091,0,1320.0559048021144,1320.012684408449,0.04322039366525132,-0.015076134479105843,130722
NSE_RELIANCE-EQ,1782378900,SELL,1317.5,1307.3,10.200000000000045,1,1320.641237200039,1320.64347601135,-0.002238811310917299,0.16726222154641873,304447
NSE_TCS-EQ,1782704700,SELL,2081.0,2081.7,-0.6999999999998181,0,2110.1974641584648,2110.8946911686203,-0.6972270101555296,-0.7109117801421866,160289
NSE_KOTAKBANK-EQ,1782707100,SELL,400.5,400.85,-0.35000000000002274,0,406.3401568035282,406.4531546203621,-0.11299781683391075,-0.12468827930174563,320670
NSE_SBIN-EQ,1782715500,SELL,1033.0,1031.95,1.0499999999999545,1,1040.8534566138524,1041.067664999331,-0.21420838547874155,-0.19805806482778174,117557
NSE_LT-EQ,1782716100,SELL,4184.4,4193.4,-9.0,0,4211.1861783617915,4212.0437184214625,-0.8575400596710097,-0.10981141083791748,17589
NSE_AXISBANK-EQ,1782721200,SELL,1373.8,1360.6,13.200000000000045,1,1377.5406226568753,1377.5448570631593,-0.004234406284012948,0.12389767509657063,133535
NSE_ICICIBANK-EQ,1782803400,SELL,1379.0,1374.6,4.400000000000091,1,1381.6039126770888,1381.6563618247978,-0.05244914770901232,-0.02899811512252363,72005
NSE_RELIANCE-EQ,1782887100,BUY,1308.2,1308.4,0.20000000000004547,1,1304.7337106590578,1304.6927588221338,0.040951836924023155,0.06119014838610635,53532
NSE_AXISBANK-EQ,1782888900,BUY,1375.0,1375.4,0.40000000000009095,1,1366.2946061378357,1366.1612489982138,0.1333571396219213,-0.09445615054856896,57407
NSE_SBIN-EQ,1782891000,BUY,1041.7,1042.6,0.8999999999998636,1,1036.915921924982,1036.8894633640218,0.026458560960236355,0.06724303554275173,162708
NSE_ICICIBANK-EQ,1782891900,BUY,1384.2,1377.0,-7.2000000000000455,0,1379.1462345449406,1379.0947086606286,0.05152588431201366,0.014450867052026407,89260
NSE_KOTAKBANK-EQ,1782897000,BUY,399.4,403.15,3.75,1,397.5323298363806,397.46970471174114,0.06262512463945313,0.18813495547472722,185346
NSE_INFY-EQ,1782968700,BUY,1035.1,1038.6,3.5,1,1015.0250191877316,1014.5731751617188,0.4518440260127363,-0.03862868179624249,241917
NSE_AXISBANK-EQ,1782971400,SELL,1362.8,1367.2,-4.400000000000091,0,1367.654886227476,1367.7891266683991,-0.13424044092312215,-0.08065107412567903,25037
NSE_RELIANCE-EQ,1782971400,SELL,1304.0,1304.0,0.0,0,1305.9637374863723,1305.9839592563285,-0.020221769956151547,-0.023000843364253204,489233
NSE_TCS-EQ,1782976800,BUY,2062.7,2070.7,8.0,1,2047.7766987678435,2047.3215651397347,0.455133628108797,-0.014541929229286567,41574
NSE_HDFCBANK-EQ,1782980400,SELL,795.5,796.45,-0.9500000000000455,0,798.0345252552647,798.0866185759443,-0.052093320679546196,-0.012569130216191897,292638
NSE_HDFCBANK-EQ,1783051800,BUY,802.4,803.6,1.2000000000000455,1,798.0506429046162,797.9593176382612,0.09132526635505656,-0.024919013207082664,223546
NSE_KOTAKBANK-EQ,1783056300,SELL,397.0,397.5,-0.5,0,398.478653487548,398.5416281976334,-0.06297471008537059,-0.012592872434205106,108306
NSE_SBIN-EQ,1783064100,SELL,1037.5,1036.0,1.5,1,1044.3986850504075,1044.6411421459936,-0.2424570955861327,0.009639483323685083,214380
NSE_RELIANCE-EQ,1783314900,BUY,1310.0,1322.8,12.799999999999955,1,1305.1067971748296,1304.9603885213526,0.14640865347701038,0.11463507833397019,107635
NSE_TCS-EQ,1783317900,SELL,2064.4,2060.9,3.5,1,2071.843252522115,2072.030108937263,-0.18685641514775853,0.16496846191169778,11535
NSE_SBIN-EQ,1783323300,BUY,1045.0,1040.5,-4.5,0,1043.196289213942,1043.1639402873664,0.032348926575650694,-0.019135093761963786,122442
NSE_SBIN-EQ,1783327200,SELL,1040.8,1037.6,3.2000000000000455,1,1043.144195521824,1043.1797256767354,-0.03553015491138467,0.028832292167222925,75705
NSE_INFY-EQ,1783327500,SELL,1033.8,1043.6,-9.799999999999955,0,1036.197880507478,1036.2506157269045,-0.05273521942649495,0.02902757619738312,28622
NSE_INFY-EQ,1783330500,BUY,1042.1,1068.4,26.300000000000182,1,1036.4551452529279,1036.2722570901333,0.18288816279459752,0.13452483905062587,155659
NSE_TCS-EQ,1783398900,BUY,2102.3,2109.2,6.899999999999636,1,2069.800958637094,2068.9727982218456,0.8281604152484761,0.20495710200191525,108276
NSE_RELIANCE-EQ,1783482300,SELL,1292.0,1292.8,-0.7999999999999545,0,1311.925692271189,1312.7071215194062,-0.7814292482171368,-0.9885815004981294,1380185
NSE_ICICIBANK-EQ,1783489500,SELL,1410.0,1400.2,9.799999999999955,1,1415.3907959444475,1415.5010397599895,-0.11024381554193496,-0.20525161016349994,201570
NSE_TCS-EQ,1783499100,SELL,2070.4,2051.3,19.09999999999991,1,2083.1409744411294,2083.565213172727,-0.4242387315975975,-0.11578541103821355,42508
NSE_HDFCBANK-EQ,1783500600,SELL,813.05,810.1,2.949999999999932,1,823.8047783514157,823.807776002383,-0.0029976509672451357,-0.1351102376711936,649449
NSE_INFY-EQ,1783571700,SELL,1052.5,1047.9,4.599999999999909,1,1060.859271431996,1061.1710936238132,-0.3118221918173276,0.2380952380952381,253568
NSE_INFY-EQ,1783656300,BUY,1068.1,1068.0,-0.09999999999990905,0,1059.3624304942539,1058.9975846531192,0.36484584113463825,0.17820296379664824,326162
NSE_TCS-EQ,1783657800,BUY,2092.8,2072.0,-20.800000000000182,0,2066.514490185371,2066.1225976046762,0.39189258069473,0.33560264646658355,132857
NSE_HDFCBANK-EQ,1783657800,BUY,822.15,826.35,4.2000000000000455,1,821.1208253218258,821.0877598197345,0.03306550209129,-0.030398832684824902,293498
NSE_KOTAKBANK-EQ,1783660500,BUY,380.45,380.0,-0.44999999999998863,0,377.60167735392804,377.57553962265007,0.026137731277970033,0.11842105263157596,130290
NSE_RELIANCE-EQ,1783660800,BUY,1301.0,1301.4,0.40000000000009095,1,1295.3536701329808,1295.3504226337577,0.0032474992231072974,-0.06912973346647906,33995
NSE_ICICIBANK-EQ,1783665300,BUY,1401.8,1399.1,-2.7000000000000455,0,1399.2724774931671,1399.2647285926857,0.007748900481374221,0.0,54864
NSE_SBIN-EQ,1783669500,BUY,1038.6,1034.0,-4.599999999999909,0,1030.4343183441213,1030.2558233542075,0.17849498991381552,-0.22096262849458947,132331
NSE_ICICIBANK-EQ,1783915500,SELL,1393.5,1401.3,-7.7999999999999545,0,1399.6123030545332,1399.7979689869312,-0.18566593239802387,0.07900028727376537,152573
NSE_HDFCBANK-EQ,1783915500,SELL,813.0,819.2,-6.2000000000000455,0,822.272535168739,822.2863507402545,-0.013815571515578995,0.0,355934
NSE_AXISBANK-EQ,1783916400,BUY,1327.6,1320.2,-7.399999999999864,0,1321.4829239596659,1321.3002792787609,0.18264468090501396,-0.12788685774468106,43872
NSE_KOTAKBANK-EQ,1783916400,SELL,376.8,377.0,-0.19999999999998863,0,378.0667973693559,378.1074430716941,-0.040645702338167666,-0.07955449482896085,58058
NSE_ICICIBANK-EQ,1783918800,BUY,1404.3,1398.9,-5.399999999999864,0,1399.8693971558555,1399.8000541890056,0.06934296684994479,0.0,217262
NSE_ICICIBANK-EQ,1783923600,SELL,1398.4,1405.9,-7.5,0,1399.8122495277828,1399.8157163515184,-0.0034668237356072495,-0.014300014300001296,60871
NSE_AXISBANK-EQ,1783923900,SELL,1315.1,1320.6,-5.5,0,1321.3341479555243,1321.4901006776295,-0.15595272210521216,-0.189738919247116,51204
NSE_ICICIBANK-EQ,1783925100,BUY,1404.1,1406.1,2.0,1,1399.913887169842,1399.8284374191248,0.08544975071708905,0.18551551908668634,124779
NSE_KOTAKBANK-EQ,1783925400,BUY,379.65,379.8,0.1500000000000341,1,378.1143641507764,378.0668906860662,0.04747346471020819,0.19794140934283455,275837
NSE_RELIANCE-EQ,1783933200,SELL,1296.9,1295.4,1.5,1,1298.8377194134823,1298.904957308986,-0.06723789550369474,-0.007710100231295995,190984
NSE_SBIN-EQ,1784003100,SELL,1021.2,1022.3,-1.099999999999909,0,1033.0417329749275,1033.5217299498265,-0.4799969748989952,0.019588638589622478,124985
NSE_ICICIBANK-EQ,1784004600,SELL,1393.2,1410.8,-17.59999999999991,0,1401.0351517664126,1401.1786386351164,-0.14348686870380334,-0.007177205196290035,104083
NSE_RELIANCE-EQ,1784006400,BUY,1305.5,1300.8,-4.7000000000000455,0,1298.7937805858014,1298.735061446961,0.05871913884038804,0.08432996013492096,173806
NSE_ICICIBANK-EQ,1784007300,BUY,1409.0,1406.7,-2.2999999999999545,0,1401.4488106096933,1401.2157842215342,0.23302638815903265,0.24902170046246885,155753
NSE_KOTAKBANK-EQ,1784012700,SELL,377.3,376.55,0.75,1,379.00751958795684,379.0512857678354,-0.0437661798785598,-0.09267840593140896,49988
NSE_RELIANCE-EQ,1784018400,SELL,1291.6,1293.7,-2.1000000000001364,0,1299.1426283002927,1299.2137549145048,-0.07112661421206212,-0.10827532869296914,172572
NSE_AXISBANK-EQ,1784087400,BUY,1339.4,1338.2,-1.2000000000000455,0,1316.6800333018248,1316.6318697232675,0.04816357855725073,0.21698466142911266,716056
NSE_KOTAKBANK-EQ,1784088600,BUY,380.65,380.5,-0.14999999999997726,0,378.8318611676871,378.81236039030944,0.019500777377686518,-0.13118194936376756,209492
NSE_RELIANCE-EQ,1784090700,BUY,1305.8,1302.7,-3.099999999999909,0,1298.9763683249714,1298.815109815137,0.16125850983439705,0.15339776039269828,128819
NSE_INFY-EQ,1784092800,SELL,1077.1,1079.1,-2.0,0,1085.6706962999606,1085.833801908437,-0.16310560847637134,-0.23156724712856616,73341
NSE_HDFCBANK-EQ,1784098500,BUY,818.55,812.95,-5.599999999999909,0,816.8323810400153,816.8021709478782,0.03021009213716752,-0.08544400366189142,234475
NSE_SBIN-EQ,1784099100,BUY,1031.9,1023.1,-8.800000000000068,0,1028.1022193407882,1028.098758826517,0.0034605142711825465,-0.29951690821255156,355805
NSE_HDFCBANK-EQ,1784100600,SELL,813.0,814.2,-1.2000000000000455,0,816.7004306752335,816.789816453778,-0.08938577854451069,0.09233610341643582,398617
NSE_KOTAKBANK-EQ,1784101200,SELL,376.9,378.15,-1.25,0,378.93420284653394,378.9986582389822,-0.06445539244828069,0.10624169986719184,331088
NSE_SBIN-EQ,1784101200,SELL,1024.8,1023.3,1.5,1,1028.0084329091483,1028.0925557093776,-0.08412280022935192,0.0,219970
NSE_AXISBANK-EQ,1784103600,SELL,1306.4,1311.6,-5.199999999999818,0,1320.0085441123197,1320.3635677104883,-0.3550235981686001,-0.3508771929824492,185263
NSE_RELIANCE-EQ,1784106600,SELL,1298.8,1301.9,-3.1000000000001364,0,1299.584228280412,1299.5981011040283,-0.013872823616338792,0.0,111149
NSE_RELIANCE-EQ,1784175300,BUY,1304.1,1303.5,-0.599999999999909,0,1299.717267524184,1299.5415664584784,0.17570106570565258,-0.29054209037389567,147686
NSE_SBIN-EQ,1784176500,BUY,1029.5,1032.3,2.7999999999999545,1,1027.7460269535343,1027.7095781243868,0.03644882914750269,0.0583147050247749,107534
NSE_KOTAKBANK-EQ,1784176500,BUY,379.7,379.75,0.05000000000001137,1,378.86789774206164,378.86638282863737,0.0015149134242733453,0.06588483331137172,45773
NSE_INFY-EQ,1784177700,BUY,1090.4,1088.3,-2.1000000000001364,0,1084.0601041029786,1083.866882604225,0.1932214987534735,0.055055973573145206,73164
NSE_KOTAKBANK-EQ,1784188800,SELL,378.4,378.55,-0.1500000000000341,0,378.9692667812108,378.969902578294,-0.0006357970831913917,0.0,120668
NSE_KOTAKBANK-EQ,1784263200,BUY,380.7,383.8,3.1000000000000227,1,378.89574313111876,378.86638687767015,0.02935625344861137,-0.09185146306259617,123807
NSE_AXISBANK-EQ,1784264100,BUY,1327.6,1322.7,-4.899999999999864,0,1312.7876980086455,1312.765796318373,0.021901690272443375,0.007532956685492208,402503
NSE_HDFCBANK-EQ,1784265600,BUY,818.75,819.3,0.5499999999999545,1,814.1576334270138,814.1031724459859,0.0544609810278871,0.07945238968341001,200110
NSE_HDFCBANK-EQ,1784519700,SELL,778.8,784.5,-5.7000000000000455,0,813.5053225810027,814.9908341111185,-1.4855115301157866,-0.47920260686218136,2338899
NSE_AXISBANK-EQ,1784519700,SELL,1262.1,1266.8,-4.7000000000000455,0,1315.3734038659463,1315.7467313664347,-0.37332750048835806,-0.3867403314917199,837328
NSE_LT-EQ,1784522700,BUY,3831.0,3824.7,-6.300000000000182,0,3812.575094028917,3812.137992617089,0.4371014118282801,0.1019048365603222,10641
NSE_INFY-EQ,1784530200,SELL,1085.5,1089.2,-3.7000000000000455,0,1092.1870594957156,1092.295287128588,-0.10822763287228554,-0.027629397679126408,77001
NSE_KOTAKBANK-EQ,1784530200,SELL,380.2,380.85,-0.6500000000000341,0,381.42505919352413,381.43092682550474,-0.005867631980606802,-0.039437360326024476,129755
NSE_KOTAKBANK-EQ,1784537400,BUY,383.35,382.35,-1.0,0,381.3962597415856,381.3662306343356,0.03002910725001584,0.20912299045876653,797216
NSE_RELIANCE-EQ,1784613600,SELL,1313.8,1311.1,2.7000000000000455,1,1318.038258734694,1318.2044754168505,-0.16621668215657337,0.10667479427002922,65799
NSE_TCS-EQ,1784614200,SELL,2223.5,2219.6,3.900000000000091,1,2235.922981212694,2236.4250956980127,-0.5021144853185433,-0.05393985705937063,12957
NSE_SBIN-EQ,1784692800,SELL,1028.7,1025.0,3.7000000000000455,1,1045.2105333423567,1045.6339612200459,-0.42342787768916423,-0.16498447204969383,239908
NSE_KOTAKBANK-EQ,1784700300,SELL,382.1,380.15,1.9500000000000455,1,382.984242300866,382.99818060956324,-0.013938308697220236,-0.03924133420535703,94249
NSE_ICICIBANK-EQ,1784703000,SELL,1441.7,1442.4,-0.7000000000000455,0,1449.537436907432,1449.7654208032925,-0.22798389586046142,0.15978880088925623,48834
NSE_LT-EQ,1784706300,SELL,3812.3,3817.0,-4.699999999999818,0,3825.763935139808,3826.2566206509123,-0.4926855111043551,-0.020980304738919178,6953
NSE_KOTAKBANK-EQ,1784784000,BUY,384.2,383.2,-1.0,0,382.22332108661215,382.19009198791537,0.03322909869677915,-0.013012361743659431,49276
NSE_TCS-EQ,1784792700,BUY,2227.4,2241.2,13.799999999999727,1,2221.1403261977393,2221.1257207645085,0.014605433230826748,0.08537407324197219,15846
NSE_KOTAKBANK-EQ,1784868900,SELL,382.2,383.2,-1.0,0,382.5216694452454,382.52354326724304,-0.001873821997662617,-0.05230125523012255,121670
NSE_KOTAKBANK-EQ,1784869800,BUY,382.75,383.7,0.9499999999999886,1,382.52431009061723,382.5238136566458,0.000496433971420629,0.065359477124183,122856
NSE_KOTAKBANK-EQ,1784870400,SELL,382.3,383.5,-1.1999999999999886,0,382.521439856782,382.5234045272056,-0.0019646704236038204,-0.1045205121505036,79646
NSE_KOTAKBANK-EQ,1784871300,BUY,383.0,382.9,-0.10000000000002274,0,382.53554449720843,382.52538637133176,0.01015812587667142,0.0,104602
NSE_LT-EQ,1785125400,BUY,3825.0,3822.8,-2.199999999999818,0,3797.7362603207825,3797.4553149639855,0.2809453567970195,-0.18267223382045927,15721
NSE_INFY-EQ,1785126300,BUY,1073.4,1076.9,3.5,1,1047.31971726841,1046.8117859136264,0.5079313547835227,0.05592841163312234,317752
NSE_SBIN-EQ,1785137100,BUY,1020.3,1020.8,0.5,1,1018.9878568620304,1018.9400457476605,0.04781111436989249,0.03921953132659842,31596
NSE_ICICIBANK-EQ,1785138300,BUY,1438.8,1444.2,5.400000000000091,1,1436.3226443524586,1436.306519737991,0.01612461446757152,0.06955070246209487,65850
NSE_SBIN-EQ,1785211500,SELL,1014.5,1016.6,-2.1000000000000227,0,1019.0175794227525,1019.0944009655616,-0.07682154280905706,0.11842494818908966,82371
NSE_ICICIBANK-EQ,1785218700,SELL,1432.0,1429.7,2.2999999999999545,1,1437.4783747636402,1437.6864950762535,-0.20812031261334596,0.10485844110450893,44087
NSE_HDFCBANK-EQ,1785301800,BUY,747.5,748.75,1.25,1,742.7650805816047,742.599597918037,0.16548266356767272,0.12054647736404732,234308
NSE_ICICIBANK-EQ,1785304500,BUY,1439.6,1439.0,-0.599999999999909,0,1434.8569672025487,1434.719096893664,0.1378703088846578,0.08342602892101071,51095
NSE_AXISBANK-EQ,1785314700,BUY,1234.3,1235.5,1.2000000000000455,1,1227.410979363392,1227.2663742025848,0.14460516080725938,0.04863418983544695,70003
NSE_RELIANCE-EQ,1785317100,BUY,1280.0,1279.6,-0.40000000000009095,0,1276.7464964561127,1276.6311796415014,0.11531681461133303,-0.0234320081230926,139006
NSE_RELIANCE-EQ,1785318300,SELL,1275.2,1282.8,-7.599999999999909,0,1276.5887479041069,1276.6077778928704,-0.01902998876357742,-0.03919416790781532,305893
NSE_RELIANCE-EQ,1785383100,BUY,1279.8,1280.9,1.1000000000001364,1,1276.7064152342832,1276.6260911378308,0.08032409645238658,0.2114164904862615,333057
NSE_ICICIBANK-EQ,1785384900,SELL,1431.0,1425.0,6.0,1,1435.570077856016,1435.6678600812957,-0.09778222527961589,0.034952813701502966,65549
NSE_AXISBANK-EQ,1785390300,SELL,1224.5,1221.7,2.7999999999999545,1,1227.5849161575518,1227.7136147726535,-0.12869861510171177,-0.05713352921972294,120453
NSE_SBIN-EQ,1785395100,BUY,1022.4,1026.2,3.800000000000068,1,1015.8952000348721,1015.7394904663449,0.1557095685271861,0.03913894324853006,134884
NSE_AXISBANK-EQ,1785470100,BUY,1233.8,1228.1,-5.7000000000000455,0,1227.1560393543327,1226.9247594278638,0.2312799264689147,-0.37144702842378363,74037
NSE_TCS-EQ,1785471900,SELL,2356.9,2372.0,-15.099999999999909,0,2409.902859729938,2412.1767218342,-2.273862104262207,-0.18633803413374372,31671
NSE_ICICIBANK-EQ,1785473400,BUY,1433.9,1435.6,1.699999999999818,1,1433.0873510906222,1433.0784318114781,0.008919279144038228,0.006974473427265757,84104
NSE_ICICIBANK-EQ,1785473700,SELL,1432.3,1435.1,-2.7999999999999545,0,1433.047983536091,1433.0719448797158,-0.02396134362493285,-0.11158379245415555,24509
NSE_ICICIBANK-EQ,1785474300,BUY,1435.6,1435.1,-0.5,0,1433.1495551413218,1433.0882855167815,0.06126962454027307,0.21640488656194828,67060
NSE_INFY-EQ,1785475200,SELL,1130.5,1136.6,-6.099999999999909,0,1138.355821695725,1138.545512093591,-0.18969039786611575,0.10626051536350353,97012
NSE_INFY-EQ,1785731400,BUY,1149.9,1157.8,7.899999999999864,1,1137.3658181253093,1137.2093122519645,0.1565058733447131,0.09575208913650213,124421
NSE_TCS-EQ,1785734400,BUY,2423.3,2431.0,7.699999999999818,1,2396.8289765507157,2396.6807683548564,0.14820819585929712,0.057805854907307934,25670
NSE_HDFCBANK-EQ,1785818400,SELL,746.35,744.15,2.2000000000000455,1,750.1458824979708,750.2598567879753,-0.11397429000453485,-0.1003881675813144,849248
NSE_RELIANCE-EQ,1785827100,SELL,1293.8,1293.3,0.5,1,1300.0069282794218,1300.2786596211874,-0.2717313417656442,0.06187161639597483,114313
NSE_ICICIBANK-EQ,1785830700,SELL,1433.4,1441.4,-8.0,0,1440.6462900244621,1440.803964972863,-0.15767494840088148,0.04187604690118205,118791
NSE_ICICIBANK-EQ,1785901500,BUY,1452.8,1450.8,-2.0,0,1440.7900234682122,1440.562461151559,0.22756231665312043,-0.1237453595490138,677041
NSE_ICICIBANK-EQ,1785915600,SELL,1433.4,1438.8,-5.399999999999864,0,1441.7194091416295,1441.8487623801668,-0.12935323853730551,-0.03486993514192063,200581
NSE_TCS-EQ,1785915900,SELL,2421.2,2409.7,11.5,1,2430.0459184083174,2430.1700744284813,-0.12415602016380944,-0.037157838239547956,38056
NSE_ICICIBANK-EQ,1785988200,BUY,1450.1,1454.5,4.400000000000091,1,1441.4369343935846,1441.4171759101284,0.01975848345614395,0.01379405476238486,172365
NSE_RELIANCE-EQ,1785993600,BUY,1304.5,1316.0,11.5,1,1293.4148504221735,1293.1513187378628,0.26353168431069207,0.26131734686035596,177189
NSE_KOTAKBANK-EQ,1786074900,SELL,393.35,392.05,1.3000000000000114,1,395.1387691432165,395.14639975888775,-0.0076306156712462325,-0.012709710218595459,85089
NSE_AXISBANK-EQ,1786079100,SELL,1246.0,1245.2,0.7999999999999545,1,1250.7042104132054,1250.7167270582563,-0.012516645050936859,0.08032128514056225,17927
NSE_TCS-EQ,1786079400,BUY,2426.6,2437.7,11.099999999999909,1,2414.5015113613313,2414.1384706463236,0.363040715007628,-0.0823519723297373,130684
NSE_ICICIBANK-EQ,1786083600,SELL,1439.9,1434.9,5.0,1,1447.6517912841368,1447.8946168915725,-0.24282560743563408,0.013891783010352538,54162
NSE_SBIN-EQ,1786419900,SELL,1064.3,1063.5,0.7999999999999545,1,1075.728876443915,1075.9825909107346,-0.25371446681970156,-0.6255835667600417,562103
NSE_LT-EQ,1786428600,SELL,4041.8,4046.2,-4.399999999999636,0,4048.20244327169,4048.3420961529173,-0.13965288122744823,0.02969855961986519,4419
NSE_RELIANCE-EQ,1786508700,SELL,1315.8,1311.5,4.2999999999999545,1,1320.5398179100341,1320.694078323196,-0.15426041316186456,0.030409001064304664,62927
NSE_TCS-EQ,1786509300,SELL,2420.0,2342.4,77.59999999999991,1,2435.459044189179,2435.839687808461,-0.3806436192817273,-0.08257638315441783,21369
NSE_SBIN-EQ,1786509600,BUY,1079.4,1078.7,-0.7000000000000455,0,1072.3698232499062,1072.2199404228597,0.14988282704644007,0.08344923504868716,63200
NSE_INFY-EQ,1786512900,SELL,1171.6,1165.6,6.0,1,1181.7381721978268,1181.839736812457,-0.10156461463020605,0.2738788086271669,156550
NSE_KOTAKBANK-EQ,1786525800,BUY,392.6,389.7,-2.900000000000034,0,390.84942331092054,390.818315719409,0.03110759151155662,0.1147520081601544,84644
NSE_KOTAKBANK-EQ,1786595100,SELL,389.15,390.0,-0.8500000000000227,0,390.8716460695631,390.8779690055011,-0.006322935937987495,-0.0770317113878576,44799
NSE_LT-EQ,1786604700,BUY,4043.9,4037.4,-6.5,0,4024.215663715472,4023.626682527922,0.5889811875499618,0.049481679408199114,42979
NSE_KOTAKBANK-EQ,1786604700,BUY,392.0,391.05,-0.9499999999999886,0,390.78927721949657,390.76776758836894,0.02150963112762838,0.0,38417
NSE_SBIN-EQ,1786680900,SELL,1072.9,1070.7,2.2000000000000455,1,1077.4185775420924,1077.4336051596215,-0.015027617529085546,0.0839552238806055,78892
NSE_LT-EQ,1786945500,SELL,4030.0,4058.2,-28.199999999999818,0,4037.5661748206867,4037.576320252398,-0.010145431711407582,-0.014886121173024092,3733
NSE_LT-EQ,1786946400,BUY,4038.9,4063.3,24.40000000000009,1,4037.580424136887,4037.5751106829925,0.005313453894359554,-0.1409286456015383,10005
NSE_LT-EQ,1786946700,SELL,4037.3,4064.6,-27.299999999999727,0,4037.5664029300424,4037.5728180939677,-0.006415163925339584,-0.03961474658941566,13340
NSE_LT-EQ,1786947000,BUY,4040.4,4068.0,27.59999999999991,1,4037.7080827835402,4037.596377943185,0.11170484035528716,0.0767839892997773,6031
NSE_AXISBANK-EQ,1786952700,BUY,1227.6,1230.8,3.2000000000000455,1,1220.1983257810045,1219.9763240895352,0.22200169146935878,-0.06512536633020041,60650
NSE_ICICIBANK-EQ,1786953300,BUY,1420.0,1419.0,-1.0,0,1415.2018182748693,1415.1173824831958,0.08443579167351345,0.042271382274193955,70544
NSE_RELIANCE-EQ,1786955100,BUY,1315.7,1317.4,1.7000000000000455,1,1310.2226610701407,1310.0673279517869,0.15533311835383756,-0.2123625331816424,72245
NSE_HDFCBANK-EQ,1786955100,BUY,728.4,728.6,0.20000000000004547,1,727.0112790077834,727.0098899604626,0.0013890473207993637,0.020597322348091626,97885
NSE_HDFCBANK-EQ,1787028300,SELL,725.1,724.35,0.75,1,727.0406551998703,727.1125828035954,-0.07192760372504381,0.013793103448278998,183254
NSE_ICICIBANK-EQ,1787028600,SELL,1412.2,1408.1,4.100000000000136,1,1415.496578203723,1415.6076269625564,-0.11104875883347631,0.007081651441125729,69257
NSE_KOTAKBANK-EQ,1787029200,SELL,390.7,391.55,-0.8500000000000227,0,392.1845296715521,392.2116454765779,-0.02711580502580091,0.08966312283846954,37423
