signal,entry_ltp,pnl,ltq,ltq_avg_2m,ltq_avg_5m,ltq_ratio,ltq_change_pct,ltq_zscore,ltp_change_pct,ltp_std_5m,target
SELL,1246.0,-12.0,5,5.0,5.0,1.0,,,,,0
SELL,1248.8,-6.2000000000000455,5,5.0,5.0,1.0,,,,,0
BUY,1450.8,-12.599999999999907,5,5.0,5.0,1.0,,,,,0
BUY,1454.6,-14.599999999999907,5,5.0,5.0,1.0,,,,,0
BUY,1169.1,2.5,5,5.0,5.0,1.0,,,,,1
BUY,1308.3,7.100000000000136,5,5.0,5.0,1.0,,,,,1
BUY,1049.4,21.59999999999991,5,5.0,5.0,1.0,,,,,1
BUY,1079.5,-6.599999999999909,5,5.0,5.0,1.0,,,,,0
SELL,2429.9,2.900000000000091,5,5.0,5.0,1.0,,,,,1
